MQ2,MQ4,MQ5,MQ7,MQ135
341,524,399,439,
,,,,
340,522,397,437,
,,,,
342,522,397,438,
,,,,
343,524,398,440,
,,,,
342,523,398,439,
,,,,
342,523,398,438,
,,,,
340,524,398,438,
,,,,
343,523,400,439,
,,,,
341,524,400,436,
,,,,
213,342,524,397,435
,,,,
213,342,524,397,435
,,,,
213,341,524,396,435
,,,,
213,342,525,397,436
,,,,
211,340,525,396,436
,,,,
211,342,523,397,436
,,,,
213,340,524,398,434
,,,,
211,342,523,398,435
,,,,
212,340,524,396,430
,,,,
212,341,525,396,433
212,343,526,397,435
,,,,
211,343,524,397,437
,,,,
212,340,524,398,434
,,,,
213,341,525,399,434
,,,,
214,341,524,397,436
,,,,
212,342,525,398,435
,,,,
210,341,526,398,435
,,,,
212,340,526,399,436
,,,,
212,342,525,397,434
,,,,
212,340,524,399,435
,,,,
213,341,524,397,435
,,,,
213,342,525,399,435
,,,,
213,341,524,398,434
,,,,
213,341,525,399,435
,,,,
214,342,524,400,435
,,,,
211,341,525,399,434
,,,,
211,342,524,399,427
,,,,
212,339,526,399,434
,,,,
212,341,525,398,432
,,,,
213,343,526,400,434
,,,,
342,525,399,434,
,,,,
213,342,524,399,433
,,,,
211,343,524,398,433
,,,,
211,343,525,399,433
,,,,
212,340,524,398,431
,,,,
212,343,525,398,432
,,,,
213,342,524,399,434
,,,,
213,342,524,398,434
,,,,
212,340,525,398,433
,,,,
214,340,524,400,435
,,,,
212,340,525,398,433
,,,,
214,340,526,398,432
,,,,
212,340,525,400,429
,,,,
213,342,524,400,432
,,,,
211,343,525,398,434
,,,,
213,341,525,398,433
,,,,
211,342,526,398,432
,,,,
213,341,525,400,429
,,,,
211,343,525,398,430
,,,,
213,342,524,399,434
,,,,
213,342,524,400,433
,,,,
211,343,525,399,434
,,,,
213,342,524,399,433
,,,,
213,340,524,397,434
,,,,
212,340,525,399,435
,,,,
213,342,524,398,433
,,,,
213,340,524,399,435
,,,,
211,341,524,399,434
,,,,
214,340,526,398,434
,,,,
213,340,524,397,435
,,,,
211,343,525,399,432
,,,,
214,342,524,398,433
,,,,
213,342,524,397,432
,,,,
212,343,524,397,430
,,,,
212,342,524,399,432
,,,,
213,342,524,397,435
,,,,
213,341,525,398,435
,,,,
212,340,524,399,436
,,,,
213,340,526,399,434
,,,,
212,341,524,398,434
214,340,523,399,437
,,,,
213,342,523,399,436
,,,,
212,341,525,399,435
,,,,
213,341,525,398,436
,,,,
213,341,523,397,435
,,,,
211,341,524,399,434
,,,,
214,341,523,398,436
,,,,
214,341,523,397,436
,,,,
212,342,525,398,435
,,,,
213,341,524,397,436
211,342,523,399,435
,,,,
213,341,523,399,433
,,,,
212,340,523,397,434
,,,,
214,342,524,400,435
,,,,
214,340,524,397,433
,,,,
212,341,525,397,433
,,,,
212,340,524,396,433
,,,,
211,342,524,397,435
,,,,
214,340,525,398,434
,,,,
214,340,524,397,434
213,341,523,397,436
,,,,
212,341,524,397,436
,,,,
211,342,524,397,436
,,,,
213,342,522,398,435
,,,,
213,340,523,399,436
,,,,
213,340,522,399,436
,,,,
212,340,524,398,436
,,,,
214,341,523,396,435
,,,,
211,341,524,397,435
212,339,524,398,434
,,,,
213,342,524,399,433
,,,,
213,342,524,399,430
,,,,
211,342,522,398,430
,,,,
213,341,522,396,431
,,,,
212,340,523,397,433
,,,,
211,342,523,400,432
,,,,
212,340,522,398,433
,,,,
212,339,523,398,434
,,,,
211,341,522,398,433
,,,,
211,341,522,397,433
,,,,
214,342,523,398,435
,,,,
211,341,522,398,432
,,,,
213,341,522,399,435
,,,,
211,342,522,397,433
,,,,
213,341,523,398,435
,,,,
211,342,522,397,433
,,,,
213,340,522,398,433
,,,,
211,342,523,397,434
,,,,
211,342,522,399,434
,,,,
213,341,523,398,435
,,,,
214,340,523,399,435
,,,,
212,340,524,398,435
,,,,
210,342,522,398,434
,,,,
213,340,522,398,434
,,,,
211,339,523,398,433
,,,,
213,340,522,399,435
,,,,
213,341,522,397,433
214,340,523,398,433
,,,,
213,341,522,399,433
,,,,
213,340,522,397,435
,,,,
213,342,522,397,434
,,,,
211,342,524,398,434
,,,,
212,339,523,398,435
,,,,
213,341,522,399,434
,,,,
212,339,523,399,434
,,,,
212,341,524,397,434
,,,,
212,340,523,398,434
213,340,522,397,433
,,,,
210,339,523,398,433
,,,,
212,339,524,398,433
,,,,
211,339,524,399,434
,,,,
212,339,523,398,432
,,,,
213,340,522,398,434
,,,,
210,342,522,398,432
,,,,
212,339,523,398,433
,,,,
213,343,523,398,431
,,,,
210,339,523,398,426
212,340,522,398,435
,,,,
213,341,523,398,433
,,,,
211,342,523,398,434
,,,,
212,340,524,397,433
,,,,
212,340,522,397,435
,,,,
210,342,523,398,434
,,,,
212,340,522,397,436
,,,,
213,341,524,398,433
,,,,
211,339,523,396,435
,,,,
212,339,524,397,434
,,,,
211,341,523,397,434
,,,,
212,339,523,398,435
,,,,
212,340,522,398,436
,,,,
210,340,522,398,434
,,,,
210,339,524,397,434
,,,,
210,342,522,398,435
,,,,
210,342,523,397,434
,,,,
213,340,522,397,433
,,,,
211,341,523,397,430
212,339,523,399,434
,,,,
211,340,522,397,432
,,,,
211,342,522,398,435
,,,,
212,339,523,398,435
,,,,
210,341,522,397,434
,,,,
213,340,522,399,432
,,,,
213,340,522,399,432
,,,,
210,340,522,398,432
,,,,
212,340,522,398,433
,,,,
212,339,523,398,430
,,,,
210,340,523,399,432
,,,,
211,342,522,398,433
,,,,
212,340,522,399,432
,,,,
211,341,523,399,432
,,,,
210,340,522,399,434
,,,,
212,339,523,400,433
,,,,
214,340,521,398,433
,,,,
210,338,521,400,433
,,,,
213,340,521,400,432
,,,,
212,340,521,401,432
,,,,
212,340,521,401,432
,,,,
212,340,522,398,433
,,,,
210,339,522,400,432
,,,,
210,341,522,398,434
,,,,
212,339,523,399,434
,,,,
212,340,522,398,434
,,,,
212,340,522,399,432
,,,,
210,340,522,398,433
,,,,
212,340,522,399,433
,,,,
210,341,523,399,432
,,,,
210,341,523,399,433
,,,,
212,338,520,399,433
,,,,
213,339,522,398,432
,,,,
212,340,522,399,432
,,,,
213,341,523,398,433
,,,,
210,340,523,398,433
,,,,
211,341,522,399,433
,,,,
212,338,522,399,433
,,,,
211,340,520,398,427
,,,,
212,340,520,398,434
,,,,
210,341,523,398,434
,,,,
211,341,522,398,435
,,,,
212,339,520,398,434
,,,,
210,339,522,398,434
,,,,
211,341,522,398,434
,,,,
212,339,521,397,434
211,339,520,399,434
,,,,
212,340,520,399,435
,,,,
213,340,520,399,433
,,,,
209,341,521,396,433
,,,,
212,340,520,397,433
,,,,
211,340,520,398,429
,,,,
212,339,520,399,428
,,,,
212,340,520,398,431
,,,,
210,338,521,398,431
,,,,
212,340,520,397,426
,,,,
210,339,520,397,430
,,,,
213,340,521,396,430
,,,,
210,340,521,396,430
,,,,
211,340,520,398,431
,,,,
211,340,521,397,427
,,,,
210,339,520,396,432
,,,,
209,340,520,396,420
,,,,
210,338,521,398,430
,,,,
212,340,520,399,431
,,,,
211,338,520,398,432
,,,,
210,338,520,398,431
,,,,
210,338,521,398,432
,,,,
213,339,520,398,428
,,,,
211,341,521,397,433
,,,,
212,340,520,396,435
,,,,
211,341,522,397,435
,,,,
211,340,520,396,433
,,,,
213,339,521,398,432
,,,,
212,338,519,398,434
,,,,
212,338,520,398,434
,,,,
211,340,520,398,432
,,,,
212,338,520,397,435
,,,,
211,341,521,397,433
,,,,
211,340,520,396,433
,,,,
213,339,520,396,435
,,,,
211,339,520,397,434
,,,,
211,338,522,398,433
,,,,
212,341,522,397,435
,,,,
210,341,521,396,433
,,,,
212,338,522,397,435
,,,,
212,340,520,396,435
,,,,
213,339,520,397,433
,,,,
210,338,522,398,434
,,,,
212,339,521,397,435
,,,,
210,340,520,399,433
,,,,
212,338,520,396,434
,,,,
211,339,522,398,435
,,,,
213,340,520,396,433
,,,,
212,339,522,398,433
,,,,
212,339,520,397,434
,,,,
212,338,522,398,435
,,,,
212,338,522,397,434
,,,,
213,340,520,399,433
,,,,
210,339,520,397,434
,,,,
210,339,522,398,436
,,,,
212,338,522,399,434
,,,,
212,338,522,397,434
,,,,
211,340,522,399,434
,,,,
211,339,521,398,434
,,,,
211,340,520,398,435
,,,,
211,339,521,397,435
,,,,
210,340,522,398,434
,,,,
212,339,520,399,435
,,,,
213,339,519,399,433
,,,,
211,340,521,398,433
,,,,
212,340,520,397,433
,,,,
212,339,521,398,434
,,,,
213,340,520,399,433
,,,,
212,339,521,398,434
,,,,
211,340,520,396,435
,,,,
210,339,521,398,435
,,,,
212,340,519,397,433
,,,,
212,340,520,400,435
,,,,
212,338,522,398,435
,,,,
211,339,520,398,434
,,,,
212,339,520,398,434
,,,,
211,339,521,398,433
211,340,520,399,435
,,,,
211,340,520,398,434
,,,,
212,338,520,399,435
,,,,
211,340,521,397,432
,,,,
210,338,519,398,432
,,,,
209,339,521,398,432
,,,,
209,339,520,397,433
,,,,
211,340,521,398,432
,,,,
210,339,521,398,432
,,,,
212,338,520,399,428
,,,,
212,340,520,398,428
,,,,
211,339,521,397,430
,,,,
212,339,520,398,431
,,,,
212,337,520,399,429
,,,,
211,338,522,399,430
,,,,
211,340,519,397,430
,,,,
212,338,520,398,433
,,,,
213,340,520,399,433
,,,,
211,339,520,399,432
213,340,521,399,431
,,,,
209,338,521,399,431
,,,,
210,338,521,398,432
,,,,
211,338,521,399,432
,,,,
212,338,519,399,432
,,,,
211,340,520,398,432
,,,,
211,340,520,398,432
,,,,
212,338,521,399,433
,,,,
209,338,519,397,431
,,,,
212,339,519,399,430
,,,,
210,340,520,398,431
,,,,
211,340,519,397,429
,,,,
211,339,519,399,428
,,,,
211,338,519,398,428
,,,,
209,341,520,397,427
,,,,
211,340,522,399,427
,,,,
211,341,521,398,427
,,,,
209,340,520,398,429
,,,,
209,340,520,397,428
,,,,
209,339,521,398,426
,,,,
212,339,520,396,431
,,,,
209,339,520,399,430
,,,,
210,338,520,398,429
,,,,
211,339,520,398,429
,,,,
211,339,519,397,429
,,,,
209,337,520,398,429
,,,,
211,339,519,396,425
,,,,
210,338,519,396,425
,,,,
212,340,520,396,427
,,,,
211,340,521,397,429
,,,,
211,339,522,398,429
,,,,
211,338,519,397,429
,,,,
210,338,520,398,430
,,,,
210,338,519,397,429
,,,,
211,339,519,396,429
,,,,
212,338,521,398,429
,,,,
211,338,519,396,428
,,,,
211,340,521,395,428
,,,,
211,338,518,398,428
,,,,
210,341,520,396,428
,,,,
210,339,520,398,429
,,,,
210,337,521,397,429
,,,,
209,338,521,397,427
,,,,
211,339,519,397,426
,,,,
209,339,521,397,430
,,,,
211,339,519,397,429
,,,,
211,339,520,395,427
,,,,
212,339,521,396,428
,,,,
209,339,521,396,428
,,,,
210,340,520,396,429
,,,,
211,338,520,396,427
,,,,
211,339,520,396,428
,,,,
212,339,521,395,429
,,,,
212,337,521,396,429
,,,,
210,338,520,396,431
,,,,
209,340,520,395,430
,,,,
210,339,520,397,431
,,,,
209,340,520,397,430
,,,,
211,339,519,397,430
,,,,
210,338,519,396,429
,,,,
210,338,519,397,431
,,,,
211,337,520,396,432
,,,,
211,339,519,397,429
,,,,
209,338,521,396,430
,,,,
211,339,521,396,431
,,,,
211,339,519,395,430
,,,,
209,337,520,396,430
,,,,
211,338,519,397,432
,,,,
208,337,521,396,431
,,,,
210,337,521,396,431
,,,,
211,339,520,396,431
,,,,
209,337,519,396,431
,,,,
210,339,518,395,431
,,,,
210,337,521,396,432
,,,,
208,338,521,396,431
,,,,
208,337,520,394,431
,,,,
209,337,519,396,431
,,,,
209,339,519,397,431
,,,,
211,339,521,394,432
,,,,
211,338,519,396,430
,,,,
210,337,519,396,431
,,,,
209,339,520,395,431
,,,,
211,339,518,395,431
,,,,
209,338,520,394,431
,,,,
209,338,519,394,430
,,,,
211,339,520,397,431
,,,,
211,338,518,397,431
,,,,
211,339,519,396,430
,,,,
209,339,519,397,429
,,,,
210,338,519,397,428
,,,,
208,336,519,394,424
,,,,
210,337,520,397,430
,,,,
209,338,519,396,423
,,,,
210,338,519,396,430
,,,,
211,336,520,397,432
,,,,
211,338,519,397,432
,,,,
211,338,518,395,431
,,,,
209,339,520,397,431
,,,,
210,338,520,396,430
,,,,
210,336,521,397,429
,,,,
210,337,518,397,431
,,,,
211,339,520,396,430
,,,,
211,338,519,396,429
,,,,
211,339,519,396,430
,,,,
209,339,519,396,431
,,,,
211,338,519,398,431
,,,,
208,336,519,397,431
,,,,
211,337,520,397,430
,,,,
211,337,518,396,428
,,,,
210,337,518,397,427
,,,,
211,338,520,397,430
,,,,
211,338,519,396,430
,,,,
210,336,520,397,431
,,,,
208,339,519,395,431
,,,,
208,336,519,396,430
,,,,
209,337,520,397,431
,,,,
211,338,519,396,431
,,,,
211,338,520,397,430
,,,,
210,336,518,396,431
,,,,
210,338,519,396,431
,,,,
211,337,518,398,430
210,337,519,398,428
,,,,
211,338,518,397,428
,,,,
211,338,520,398,425
,,,,
208,339,519,395,425
,,,,
211,338,518,396,430
,,,,
209,336,520,396,431
,,,,
210,338,518,397,431
,,,,
209,336,519,396,430
,,,,
209,339,518,395,431
,,,,
208,337,520,395,431
,,,,
209,339,518,398,430
,,,,
211,337,519,396,430
,,,,
210,337,520,397,430
,,,,
208,337,520,398,431
,,,,
209,336,519,398,430
,,,,
208,336,518,396,430
,,,,
210,338,518,398,430
,,,,
209,339,519,395,431
,,,,
211,338,518,396,430
210,338,519,398,428
,,,,
208,338,519,396,428
,,,,
210,337,518,399,429
,,,,
211,338,518,399,427
,,,,
211,338,519,397,428
,,,,
209,337,518,396,428
,,,,
211,338,519,398,432
,,,,
208,337,519,397,430
,,,,
210,337,519,397,424
,,,,
211,339,520,399,427
,,,,
210,337,518,397,429
,,,,
210,336,518,399,429
,,,,
210,336,520,397,430
,,,,
211,337,517,397,429
,,,,
209,338,519,399,429
,,,,
209,338,518,397,428
,,,,
209,338,518,398,429
,,,,
210,336,520,399,431
,,,,
209,338,519,398,431
208,338,519,398,432
,,,,
211,338,517,398,433
,,,,
210,336,519,398,432
,,,,
209,338,517,398,432
,,,,
210,336,517,397,431
,,,,
209,338,519,398,430
,,,,
209,338,518,397,429
,,,,
210,336,518,398,429
,,,,
209,338,519,396,428
,,,,
210,336,519,398,431
,,,,
210,336,518,398,431
,,,,
209,338,520,399,431
,,,,
209,338,518,398,432
,,,,
209,336,518,397,432
,,,,
211,338,517,396,430
,,,,
210,338,518,397,432
,,,,
211,337,517,398,431
,,,,
210,338,518,398,431
,,,,
208,337,519,397,432
,,,,
209,337,518,399,429
,,,,
210,336,517,399,430
,,,,
210,337,518,398,429
,,,,
210,336,520,398,431
,,,,
208,339,520,399,430
,,,,
210,337,520,397,431
,,,,
211,338,519,396,424
,,,,
209,338,519,398,426
,,,,
208,339,519,396,430
,,,,
210,338,520,396,432
,,,,
211,338,520,399,433
,,,,
209,338,519,397,431
,,,,
208,338,518,399,431
,,,,
208,336,520,399,431
,,,,
209,337,520,397,431
,,,,
210,336,519,398,431
,,,,
208,336,520,398,426
,,,,
209,338,519,398,432
,,,,
208,338,519,399,432
,,,,
208,337,520,397,430
,,,,
208,336,519,399,432
,,,,
209,337,519,397,431
,,,,
208,337,520,398,432
,,,,
210,337,518,399,431
,,,,
209,338,519,397,431
,,,,
211,338,518,397,432
,,,,
210,336,519,398,432
,,,,
210,338,519,396,430
,,,,
209,336,518,397,431
,,,,
209,337,518,399,429
,,,,
209,337,518,399,430
,,,,
209,336,520,398,425
,,,,
208,337,519,399,426
,,,,
209,336,519,399,429
,,,,
210,336,518,399,428
,,,,
208,339,518,398,431
,,,,
208,339,518,398,428
,,,,
210,335,518,398,429
,,,,
209,336,519,398,429
,,,,
210,336,518,399,427
,,,,
209,337,519,398,431
,,,,
208,336,519,399,428
,,,,
209,336,518,397,431
,,,,
210,336,517,399,430
,,,,
208,338,519,397,431
,,,,
210,336,519,399,430
,,,,
208,336,520,399,429
,,,,
209,338,518,399,430
,,,,
208,339,518,400,432
210,337,519,399,432
,,,,
210,337,520,400,431
,,,,
210,336,520,398,432
,,,,
208,337,520,399,431
,,,,
210,338,520,400,433
,,,,
208,337,519,397,432
,,,,
210,336,519,399,432
,,,,
210,336,518,398,432
,,,,
210,336,519,398,431
,,,,
211,337,518,399,430
,,,,
210,336,519,399,431
,,,,
208,338,519,399,431
,,,,
208,336,518,398,432
,,,,
211,336,518,397,433
,,,,
211,337,518,400,430
,,,,
210,337,519,398,430
,,,,
209,336,519,400,432
,,,,
210,338,518,398,431
,,,,
208,337,519,398,431
,,,,
209,337,518,397,431
,,,,
210,337,519,400,431
,,,,
208,337,520,399,432
,,,,
209,336,518,400,432
,,,,
210,336,518,399,431
,,,,
210,337,519,398,431
,,,,
210,336,520,399,431
,,,,
210,336,518,400,430
,,,,
208,336,519,400,430
,,,,
208,337,518,398,431
,,,,
208,336,518,398,432
,,,,
208,336,516,398,432
,,,,
209,337,517,398,430
,,,,
208,337,517,398,430
,,,,
210,337,516,398,431
,,,,
209,336,518,399,429
,,,,
209,337,517,398,429
,,,,
211,336,516,400,429
,,,,
208,336,518,400,431
,,,,
210,336,516,399,431
,,,,
208,336,518,399,427
,,,,
209,337,516,397,428
,,,,
209,337,516,399,427
,,,,
209,336,516,399,428
,,,,
208,335,516,398,429
,,,,
208,336,517,399,431
,,,,
208,336,517,399,430
208,335,515,399,429
,,,,
208,336,516,398,432
,,,,
209,335,515,398,431
,,,,
210,335,515,399,433
,,,,
210,336,515,399,432
,,,,
209,337,516,398,432
,,,,
208,336,517,398,432
,,,,
210,338,516,399,432
,,,,
209,336,515,399,434
,,,,
209,337,517,397,432
,,,,
208,336,516,396,432
,,,,
209,338,516,396,433
,,,,
208,336,516,398,432
,,,,
209,337,516,396,434
,,,,
209,336,515,398,433
,,,,
209,336,516,397,433
,,,,
208,337,517,397,433
,,,,
207,336,516,398,433
,,,,
208,336,515,399,432
,,,,
208,337,517,398,434
,,,,
208,337,515,398,434
208,336,515,396,434
,,,,
208,338,515,396,433
,,,,
208,336,516,398,432
,,,,
208,335,515,398,434
,,,,
208,336,515,397,434
,,,,
208,335,514,396,434
,,,,
210,335,514,398,433
,,,,
209,336,514,396,435
,,,,
209,338,516,399,435
,,,,
208,337,515,397,433
,,,,
209,336,514,396,432
,,,,
208,337,515,397,433
,,,,
209,335,515,397,433
,,,,
208,337,516,398,432
,,,,
208,338,515,397,433
,,,,
208,336,514,398,434
,,,,
209,336,516,398,433
,,,,
208,336,514,397,432
,,,,
209,335,514,397,432
,,,,
208,337,515,396,429
,,,,
208,336,514,396,429
,,,,
208,337,515,399,429
,,,,
210,335,515,398,431
,,,,
208,334,514,398,427
,,,,
207,334,514,396,430
,,,,
207,336,515,399,431
,,,,
208,337,516,398,430
,,,,
208,336,514,398,429
,,,,
207,336,515,397,429
,,,,
208,336,516,398,428
,,,,
207,336,514,397,430
,,,,
207,336,514,399,428
,,,,
208,337,515,397,429
,,,,
207,336,515,399,430
,,,,
207,335,517,398,431
,,,,
206,336,515,397,431
,,,,
209,335,515,397,429
,,,,
206,336,516,398,430
,,,,
208,335,514,397,429
,,,,
208,334,515,398,429
,,,,
208,335,515,397,429
,,,,
207,336,516,396,430
,,,,
208,336,515,398,429
,,,,
206,335,515,398,430
,,,,
206,334,514,396,428
,,,,
206,336,515,398,428
,,,,
206,334,514,397,430
,,,,
207,336,514,397,429
,,,,
206,335,515,399,430
207,336,514,399,428
,,,,
206,336,514,398,430
,,,,
205,334,514,398,425
,,,,
207,335,514,398,429
,,,,
206,337,515,396,430
,,,,
207,335,514,396,429
,,,,
208,334,516,396,430
,,,,
208,335,515,396,428
,,,,
206,334,515,397,428
,,,,
207,335,515,397,429
208,337,515,396,429
,,,,
207,335,515,398,429
,,,,
207,336,515,397,430
,,,,
207,335,515,397,430
,,,,
206,335,515,398,431
,,,,
207,335,515,396,430
,,,,
207,335,514,396,432
,,,,
207,335,514,397,431
,,,,
206,334,514,398,429
,,,,
207,335,515,397,430
,,,,
207,335,514,397,430
,,,,
207,334,514,399,429
,,,,
205,336,516,399,427
,,,,
208,335,515,397,428
,,,,
207,335,515,398,426
,,,,
208,335,515,397,429
,,,,
205,335,515,397,430
,,,,
207,336,515,398,430
,,,,
206,334,513,397,430
,,,,
205,334,515,397,426
,,,,
207,335,514,399,432
,,,,
205,334,515,398,431
,,,,
208,335,514,397,432
,,,,
204,335,515,398,431
,,,,
206,336,513,399,431
,,,,
205,336,515,398,431
,,,,
205,333,515,399,432
,,,,
205,334,515,399,431
,,,,
204,335,514,398,431
,,,,
205,334,513,397,430
,,,,
204,335,515,400,432
,,,,
207,335,514,397,432
,,,,
205,335,514,397,432
,,,,
205,334,513,399,431
,,,,
206,334,513,396,433
,,,,
204,333,513,399,432
,,,,
207,335,514,398,430
,,,,
206,333,515,397,432
,,,,
207,336,515,399,432
,,,,
207,336,515,399,433
,,,,
205,333,513,399,432
,,,,
206,335,513,399,431
,,,,
206,334,513,398,432
,,,,
205,333,514,398,430
,,,,
207,334,513,399,431
,,,,
206,334,513,398,433
,,,,
204,333,514,398,431
,,,,
207,334,513,397,433
,,,,
206,335,514,397,431
,,,,
207,334,514,397,433
,,,,
204,333,513,398,432
,,,,
205,335,513,399,433
,,,,
206,334,513,398,433
,,,,
204,334,515,398,432
,,,,
206,334,514,399,433
,,,,
206,334,514,397,434
,,,,
205,336,513,398,432
,,,,
207,334,514,397,432
,,,,
204,332,513,399,432
,,,,
206,335,515,399,431
,,,,
205,334,513,399,432
,,,,
206,335,514,397,433
,,,,
206,333,513,398,433
,,,,
204,333,514,398,432
,,,,
206,334,513,397,432
,,,,
205,334,513,398,432
,,,,
206,334,513,399,431
,,,,
205,335,515,399,431
,,,,
206,334,514,397,432
,,,,
206,335,513,398,431
,,,,
207,334,514,396,432
,,,,
204,335,513,397,423
,,,,
206,334,513,399,427
,,,,
204,332,512,397,421
,,,,
204,332,513,398,426
,,,,
207,334,513,397,427
,,,,
204,335,514,399,429
,,,,
207,335,515,398,425
,,,,
206,335,515,398,427
,,,,
206,333,515,397,426
,,,,
205,333,514,397,426
206,333,514,396,423
,,,,
204,334,514,397,422
,,,,
205,335,514,397,423
,,,,
205,335,514,397,427
,,,,
205,335,514,396,426
,,,,
205,336,514,396,426
,,,,
204,333,514,398,426
,,,,
204,335,513,395,428
,,,,
204,336,514,396,430
,,,,
204,335,513,398,429
203,335,513,396,429
,,,,
204,333,513,397,428
,,,,
206,334,513,396,431
,,,,
206,333,514,396,429
,,,,
204,333,514,396,430
,,,,
204,334,515,397,429
,,,,
205,333,513,396,427
,,,,
205,335,514,396,425
,,,,
207,334,513,396,421
,,,,
206,334,514,396,424
,,,,
206,333,512,396,427
,,,,
206,333,512,397,425
,,,,
204,335,514,394,430
,,,,
206,334,512,395,430
,,,,
207,334,513,394,425
,,,,
205,333,513,396,426
,,,,
205,334,513,394,424
,,,,
204,335,514,396,425
,,,,
206,333,514,396,424
,,,,
204,333,514,395,427
206,334,512,396,425
,,,,
205,334,513,397,426
,,,,
206,335,513,396,424
,,,,
207,334,512,397,425
,,,,
204,333,514,396,425
,,,,
204,333,512,396,425
,,,,
204,333,514,397,426
,,,,
206,334,512,398,427
,,,,
203,335,513,396,427
,,,,
207,334,513,396,427
,,,,
204,334,513,397,426
,,,,
204,333,515,396,429
,,,,
205,334,513,396,427
,,,,
204,333,515,397,426
,,,,
203,335,513,396,425
,,,,
204,334,513,396,424
,,,,
205,333,512,395,426
,,,,
205,334,512,395,425
,,,,
203,335,513,397,424
,,,,
204,335,513,397,425
,,,,
206,333,513,396,424
,,,,
205,333,513,395,425
,,,,
206,335,513,396,426
,,,,
206,334,512,395,424
,,,,
205,333,513,398,425
,,,,
203,335,513,396,425
,,,,
206,334,514,397,424
,,,,
203,335,513,396,425
,,,,
203,335,512,398,424
,,,,
205,332,513,397,425
,,,,
205,334,513,395,423
,,,,
204,332,513,396,426
,,,,
203,334,513,397,426
,,,,
205,334,513,395,425
,,,,
205,334,513,396,425
,,,,
204,333,514,396,426
,,,,
203,335,513,397,424
,,,,
204,332,514,397,426
,,,,
204,333,512,396,424
,,,,
203,334,514,396,422
,,,,
205,334,514,395,424
,,,,
204,333,513,396,425
,,,,
205,333,514,396,422
,,,,
205,333,514,397,423
,,,,
203,334,513,395,422
,,,,
204,332,513,395,425
,,,,
205,333,512,394,423
,,,,
204,333,512,395,424
,,,,
205,332,512,395,425
,,,,
203,331,514,394,424
,,,,
204,332,511,395,424
,,,,
205,333,513,395,424
203,332,513,394,426
,,,,
202,333,513,394,427
,,,,
204,332,513,394,427
,,,,
204,333,513,395,427
,,,,
204,332,511,394,427
,,,,
204,332,512,395,426
,,,,
205,333,512,393,426
,,,,
203,331,513,395,427
,,,,
202,333,513,395,426
,,,,
204,331,512,393,426
,,,,
202,333,513,394,427
,,,,
203,333,513,394,427
,,,,
203,333,511,393,427
,,,,
205,332,511,395,427
,,,,
203,331,511,393,426
,,,,
203,332,512,394,427
,,,,
204,331,512,394,427
,,,,
203,333,512,393,427
,,,,
202,332,513,395,426
,,,,
203,333,512,393,426
,,,,
202,333,512,394,427
,,,,
201,333,512,394,425
,,,,
202,330,510,394,426
,,,,
203,332,513,393,425
,,,,
203,331,511,393,424
,,,,
201,331,512,393,426
,,,,
201,330,510,392,426
,,,,
202,330,510,395,425
,,,,
201,330,512,394,423
,,,,
200,331,511,393,424
,,,,
200,329,509,393,422
,,,,
200,331,510,392,424
,,,,
200,329,511,392,426
,,,,
202,331,509,392,426
,,,,
200,328,510,393,422
,,,,
200,328,509,393,423
,,,,
202,330,510,391,425
,,,,
202,330,510,391,419
,,,,
200,329,511,392,423
,,,,
201,329,512,392,421
201,331,511,393,424
,,,,
199,331,510,391,424
,,,,
202,330,509,391,423
,,,,
200,329,510,393,423
,,,,
199,329,509,391,419
,,,,
200,329,509,392,419
,,,,
201,331,510,395,421
,,,,
202,330,510,393,425
,,,,
201,330,510,392,424
,,,,
200,331,510,392,425
,,,,
200,328,509,394,425
,,,,
198,328,509,392,418
,,,,
201,330,509,392,424
,,,,
200,328,509,393,425
,,,,
201,330,511,392,423
,,,,
201,330,508,391,421
,,,,
201,328,509,393,423
,,,,
197,330,511,392,414
,,,,
200,329,508,392,421
,,,,
200,330,510,393,420
,,,,
199,329,509,393,421
,,,,
198,328,510,391,420
,,,,
199,328,510,392,420
,,,,
201,329,509,392,420
,,,,
197,328,509,391,420
,,,,
199,328,509,391,420
,,,,
197,330,510,392,420
,,,,
198,328,510,392,421
,,,,
198,329,509,393,420
,,,,
199,328,510,392,421
,,,,
198,328,510,392,422
,,,,
198,329,510,392,420
,,,,
198,329,509,391,422
,,,,
199,327,510,392,420
,,,,
199,327,510,392,420
,,,,
199,328,511,392,423
,,,,
198,329,511,392,421
,,,,
199,329,509,392,419
,,,,
201,329,509,394,421
,,,,
198,327,510,392,421
,,,,
199,329,509,392,423
,,,,
198,328,511,392,421
,,,,
197,329,509,392,420
,,,,
198,328,509,393,419
,,,,
198,328,508,393,420
,,,,
198,328,508,392,423
,,,,
199,327,509,392,422
,,,,
199,328,509,392,422
,,,,
197,327,509,391,422
,,,,
198,326,510,392,421
,,,,
198,328,509,392,420
,,,,
198,327,510,391,422
,,,,
199,328,509,394,422
,,,,
198,330,510,392,422
,,,,
198,328,509,393,422
,,,,
199,329,510,391,421
,,,,
197,328,509,391,421
,,,,
199,328,509,391,422
,,,,
196,327,510,393,421
,,,,
199,328,509,393,416
,,,,
198,326,508,393,416
,,,,
196,327,509,393,414
,,,,
198,328,509,392,417
,,,,
198,327,509,394,416
,,,,
196,327,510,393,414
,,,,
197,328,508,393,415
,,,,
199,327,508,394,416
,,,,
195,329,509,393,417
,,,,
198,327,509,392,418
,,,,
195,327,509,392,416
,,,,
198,327,510,392,418
,,,,
197,327,509,392,416
,,,,
197,327,511,393,417
,,,,
197,329,510,394,416
,,,,
196,328,509,392,415
,,,,
196,325,508,391,409
,,,,
197,328,510,393,415
,,,,
197,327,509,392,415
,,,,
196,326,508,394,411
,,,,
196,326,510,393,415
,,,,
197,328,509,392,419
,,,,
196,326,510,393,421
,,,,
196,328,510,395,421
,,,,
198,327,509,393,415
,,,,
197,328,510,394,417
,,,,
198,327,509,392,420
,,,,
197,329,510,394,417
,,,,
198,327,510,394,418
,,,,
198,327,509,392,417
,,,,
198,327,509,392,421
,,,,
197,327,510,394,424
,,,,
199,327,509,392,424
,,,,
196,326,510,394,423
,,,,
198,327,509,392,422
,,,,
197,327,510,395,423
,,,,
197,327,510,394,424
,,,,
197,327,509,394,424
,,,,
196,326,508,393,417
,,,,
197,328,509,392,416
,,,,
197,326,509,394,418
,,,,
196,326,510,393,423
,,,,
196,326,510,393,419
,,,,
196,327,510,393,419
,,,,
195,328,509,392,418
,,,,
196,328,510,392,420
,,,,
196,327,510,394,423
,,,,
196,327,509,393,418
,,,,
196,327,509,393,420
,,,,
197,328,508,393,421
,,,,
197,327,508,392,420
196,327,508,393,420
,,,,
197,327,508,391,418
,,,,
197,327,508,391,420
,,,,
196,326,511,392,418
,,,,
197,327,509,391,419
,,,,
197,326,510,392,421
,,,,
196,327,509,390,420
,,,,
195,329,509,392,417
,,,,
197,327,509,391,420
,,,,
196,327,509,392,422
,,,,
197,328,510,391,415
,,,,
196,328,509,390,421
,,,,
196,326,508,390,419
,,,,
196,325,508,390,421
,,,,
197,329,509,390,421
,,,,
195,327,509,390,421
,,,,
195,327,509,391,421
,,,,
197,327,509,391,423
,,,,
196,327,507,390,423
,,,,
197,328,507,390,422
,,,,
198,327,507,391,423
,,,,
196,328,508,390,423
,,,,
196,326,509,390,424
,,,,
196,326,509,390,423
,,,,
196,326,507,391,422
,,,,
197,327,508,391,421
,,,,
197,327,508,389,423
,,,,
197,326,509,389,420
,,,,
197,328,507,389,424
,,,,
197,327,507,389,422
197,327,507,390,423
,,,,
194,325,508,390,421
,,,,
197,326,507,388,423
,,,,
196,327,509,390,423
,,,,
197,326,508,390,423
,,,,
197,327,508,389,422
,,,,
198,327,508,388,421
,,,,
196,326,508,390,422
,,,,
197,327,508,390,423
,,,,
196,327,508,389,421
,,,,
197,326,507,389,422
,,,,
197,327,508,389,422
,,,,
194,325,509,389,422
,,,,
197,327,508,388,424
,,,,
196,325,509,388,422
,,,,
194,326,507,389,422
,,,,
198,326,507,388,424
,,,,
194,326,508,390,422
,,,,
196,326,508,389,424
,,,,
196,328,507,389,422
,,,,
195,328,508,389,419
195,327,508,388,420
,,,,
196,326,508,389,420
,,,,
194,325,509,389,421
,,,,
196,327,508,391,421
,,,,
195,327,507,390,419
,,,,
197,327,508,388,421
,,,,
195,325,507,388,420
,,,,
194,327,508,388,420
,,,,
196,325,508,388,423
,,,,
197,327,507,390,420
,,,,
196,325,507,389,421
,,,,
195,327,508,389,420
,,,,
196,327,507,388,418
,,,,
196,327,508,389,418
,,,,
194,325,507,390,423
,,,,
196,326,507,388,423
,,,,
195,327,508,390,423
,,,,
195,327,508,388,425
,,,,
194,326,506,388,423
,,,,
197,326,507,389,424
,,,,
194,326,507,389,423
,,,,
194,327,507,389,423
,,,,
194,325,507,390,424
,,,,
195,327,507,388,424
,,,,
196,326,508,390,424
,,,,
197,326,507,388,425
,,,,
195,327,508,390,423
,,,,
194,325,508,390,425
,,,,
197,327,509,390,425
,,,,
194,325,507,389,424
196,326,509,390,424
,,,,
194,328,508,388,425
,,,,
195,327,508,387,426
,,,,
196,325,507,389,425
,,,,
196,327,508,389,424
,,,,
194,327,508,387,425
,,,,
196,327,509,388,425
,,,,
197,327,509,388,426
,,,,
195,328,508,388,425
,,,,
196,325,508,389,426
194,327,507,389,425
,,,,
197,327,506,387,425
,,,,
196,325,506,386,426
,,,,
196,325,509,389,426
,,,,
194,328,508,388,425
,,,,
195,327,507,387,425
,,,,
196,326,507,386,425
,,,,
196,326,507,388,426
,,,,
196,326,509,387,426
,,,,
197,327,507,389,425
,,,,
195,328,509,388,426
,,,,
197,326,507,387,424
,,,,
194,328,508,387,424
,,,,
196,326,509,387,426
,,,,
197,326,507,386,427
,,,,
197,327,508,387,426
,,,,
196,325,507,388,425
,,,,
197,327,507,387,426
,,,,
197,327,508,387,424
,,,,
196,325,508,387,427
,,,,
196,326,506,386,423
,,,,
195,326,507,387,421
,,,,
197,328,507,386,420
,,,,
197,327,507,385,422
,,,,
196,325,506,386,425
,,,,
196,327,507,388,424
,,,,
195,327,508,387,424
,,,,
195,327,508,388,425
,,,,
194,327,507,385,425
,,,,
194,325,507,385,424
,,,,
195,325,506,388,424
,,,,
197,327,507,385,426
,,,,
194,329,507,385,425
,,,,
195,327,507,386,424
,,,,
196,327,506,385,424
,,,,
196,326,509,387,424
,,,,
195,327,508,386,425
,,,,
196,327,508,387,425
,,,,
196,325,506,386,425
,,,,
195,326,508,386,424
,,,,
194,324,506,384,424
,,,,
194,326,508,386,424
,,,,
195,326,506,386,420
,,,,
195,327,507,386,416
,,,,
195,325,506,386,417
,,,,
194,327,507,386,417
,,,,
196,325,506,386,420
,,,,
195,326,507,385,423
,,,,
196,327,508,386,422
,,,,
194,325,506,384,419
,,,,
195,327,507,387,419
,,,,
195,325,506,386,420
,,,,
194,326,507,385,421
,,,,
196,325,506,387,422
,,,,
195,328,507,386,420
,,,,
196,326,507,385,421
,,,,
195,326,507,385,423
,,,,
195,326,506,384,421
,,,,
194,327,508,387,420
,,,,
194,327,507,384,422
,,,,
195,326,506,386,417
,,,,
196,325,508,386,421
,,,,
193,327,507,384,418
,,,,
195,326,507,386,419
,,,,
194,325,507,387,420
,,,,
195,327,507,385,418
,,,,
193,325,507,385,420
,,,,
195,325,506,386,419
,,,,
195,326,506,385,420
,,,,
193,327,507,384,419
,,,,
195,326,507,385,417
,,,,
195,327,506,385,417
,,,,
193,327,508,386,418
,,,,
196,326,506,387,418
,,,,
195,325,508,386,418
,,,,
195,327,507,385,418
,,,,
195,326,507,385,420
,,,,
195,327,507,385,419
,,,,
194,326,508,387,419
,,,,
193,327,508,387,419
,,,,
195,325,506,387,421
,,,,
194,326,507,387,421
,,,,
195,326,507,385,421
,,,,
193,324,508,386,421
,,,,
194,326,507,385,420
,,,,
195,326,507,385,421
,,,,
195,327,507,385,421
,,,,
195,325,509,387,420
,,,,
193,326,508,387,419
,,,,
194,325,507,385,421
,,,,
194,325,507,386,423
,,,,
193,327,506,385,424
,,,,
195,327,508,384,421
,,,,
194,325,508,386,422
,,,,
195,327,507,385,421
,,,,
196,325,506,385,421
,,,,
193,325,508,385,420
,,,,
195,326,506,384,422
,,,,
196,327,507,387,421
,,,,
193,326,507,387,419
,,,,
195,326,508,385,420
,,,,
192,326,506,387,419
,,,,
195,326,507,384,420
,,,,
195,328,507,387,422
,,,,
195,326,506,387,419
,,,,
193,326,506,386,419
,,,,
193,325,506,385,421
,,,,
195,326,506,384,423
,,,,
195,325,506,387,419
,,,,
192,325,507,387,420
,,,,
194,325,507,385,423
,,,,
193,326,507,385,423
,,,,
194,324,507,386,422
,,,,
195,327,507,387,421
,,,,
195,326,507,386,422
,,,,
192,326,508,387,422
,,,,
192,324,506,386,421
,,,,
192,325,508,387,420
,,,,
193,326,507,385,421
,,,,
192,325,507,388,423
,,,,
195,327,506,387,423
,,,,
195,327,507,386,423
,,,,
194,326,506,386,423
,,,,
194,327,507,387,421
,,,,
192,327,507,386,421
,,,,
193,326,506,386,421
,,,,
194,326,507,386,421
,,,,
194,324,507,388,423
,,,,
194,326,507,385,422
193,325,507,388,423
,,,,
194,327,507,387,423
,,,,
192,325,506,386,424
,,,,
192,324,508,388,425
,,,,
191,326,506,386,423
,,,,
192,324,506,388,422
,,,,
192,325,508,389,423
,,,,
193,324,508,389,423
,,,,
191,324,506,387,422
,,,,
191,327,507,387,423
191,324,506,388,422
,,,,
192,325,507,388,423
,,,,
191,325,506,389,421
,,,,
195,325,507,387,423
,,,,
192,327,506,387,421
,,,,
192,325,507,388,422
,,,,
194,325,506,388,423
,,,,
193,326,507,389,422
,,,,
193,327,506,388,422
,,,,
193,324,506,390,424
,,,,
189,325,508,390,422
,,,,
192,326,507,388,421
,,,,
191,324,506,388,422
,,,,
192,327,506,388,422
,,,,
190,326,507,388,421
,,,,
189,325,508,390,421
,,,,
192,324,507,389,422
,,,,
191,327,508,388,420
,,,,
190,325,508,389,421
,,,,
192,324,508,388,422
192,326,507,388,422
,,,,
190,324,507,388,422
,,,,
192,325,506,389,422
,,,,
189,325,508,388,420
,,,,
191,325,506,389,422
,,,,
190,324,508,389,421
,,,,
191,325,506,387,414
,,,,
190,324,508,389,414
,,,,
190,325,506,387,415
204,324,507,388,412
,,,,
203,324,506,389,414
,,,,
202,325,506,387,414
,,,,
202,325,506,387,414
,,,,
202,326,507,387,413
,,,,
201,323,508,389,414
,,,,
202,324,507,387,414
,,,,
201,326,507,387,414
,,,,
201,325,507,388,414
,,,,
201,325,508,389,413
,,,,
202,325,507,386,412
,,,,
201,325,506,388,413
,,,,
200,324,508,389,412
,,,,
200,324,507,386,414
,,,,
200,323,506,386,414
,,,,
200,326,507,387,412
,,,,
200,324,507,388,413
,,,,
201,325,506,390,412
,,,,
200,323,507,389,412
,,,,
202,325,508,388,411
,,,,
201,326,507,387,411
,,,,
201,324,508,388,413
,,,,
200,325,508,389,414
,,,,
200,325,507,389,413
,,,,
201,326,507,388,413
,,,,
200,324,506,388,414
,,,,
202,325,506,388,413
,,,,
200,326,506,390,415
,,,,
201,325,508,388,413
,,,,
201,325,506,387,414
,,,,
199,325,506,388,413
,,,,
199,324,507,389,414
,,,,
198,323,508,388,412
,,,,
198,325,507,388,412
,,,,
197,324,507,389,412
,,,,
199,325,506,387,411
,,,,
198,326,507,389,412
,,,,
199,324,506,389,413
,,,,
208,324,506,388,411
,,,,
209,324,506,388,410
,,,,
206,324,507,388,408
,,,,
207,324,506,389,407
,,,,
207,325,506,388,410
,,,,
207,325,506,387,411
,,,,
207,324,507,390,408
,,,,
205,324,507,390,408
,,,,
205,324,506,388,409
,,,,
206,323,508,389,410
204,323,507,390,411
,,,,
204,322,506,388,411
,,,,
206,325,508,390,410
,,,,
204,323,508,390,409
,,,,
205,324,506,389,411
,,,,
204,325,507,388,409
,,,,
204,325,508,390,408
,,,,
204,323,508,390,411
,,,,
204,323,507,390,411
,,,,
205,323,508,390,412
,,,,
205,323,506,388,409
,,,,
204,323,507,390,410
,,,,
205,324,506,389,409
,,,,
205,322,506,389,409
,,,,
205,324,506,388,408
,,,,
204,324,506,390,411
,,,,
206,323,507,389,411
,,,,
207,323,507,389,411
,,,,
206,323,505,389,411
,,,,
204,323,506,389,408
,,,,
205,323,507,390,409
,,,,
205,324,505,391,409
,,,,
202,323,506,389,412
,,,,
205,324,506,390,408
,,,,
210,324,506,391,408
,,,,
206,324,508,390,408
,,,,
208,326,506,389,409
,,,,
206,324,507,391,409
,,,,
205,324,507,390,409
,,,,
206,324,507,390,409
,,,,
205,325,506,389,410
,,,,
205,324,508,390,409
,,,,
204,324,507,390,410
,,,,
203,325,507,389,408
,,,,
204,325,506,389,408
,,,,
205,325,508,391,405
,,,,
203,324,505,389,411
,,,,
204,322,505,389,411
,,,,
203,325,507,390,410
,,,,
203,324,504,390,410
,,,,
203,324,508,391,412
,,,,
202,323,506,391,412
,,,,
203,324,505,388,412
,,,,
203,324,503,389,412
,,,,
204,322,507,389,413
,,,,
203,325,508,390,411
,,,,
205,324,507,391,411
,,,,
203,324,508,391,412
,,,,
202,323,508,390,411
,,,,
204,323,510,391,413
,,,,
203,325,509,391,413
,,,,
202,324,509,389,415
,,,,
201,325,509,389,413
,,,,
203,324,508,389,414
,,,,
203,323,508,390,414
,,,,
202,322,508,391,413
,,,,
203,324,508,391,413
,,,,
203,325,509,390,414
,,,,
201,324,508,389,413
201,324,508,389,413
,,,,
202,325,508,390,412
,,,,
202,322,508,391,414
,,,,
201,324,509,391,414
,,,,
202,324,507,389,413
,,,,
202,322,508,391,413
,,,,
202,323,505,391,414
,,,,
203,324,509,391,413
,,,,
201,323,509,391,412
,,,,
203,323,507,391,412
,,,,
203,322,508,391,412
,,,,
200,322,507,390,413
,,,,
202,323,507,391,412
,,,,
201,323,506,392,412
,,,,
203,323,509,392,412
,,,,
203,324,507,392,411
,,,,
200,323,509,391,411
,,,,
203,323,506,392,411
,,,,
201,323,507,391,412
,,,,
203,324,506,392,410
,,,,
200,322,504,391,409
,,,,
202,321,508,393,411
,,,,
202,324,507,392,411
,,,,
201,323,506,391,411
,,,,
202,322,507,393,409
,,,,
203,324,507,390,411
,,,,
201,322,508,392,404
,,,,
201,323,508,392,410
,,,,
202,323,506,392,412
,,,,
200,324,507,391,407
202,323,506,393,406
,,,,
201,323,507,391,412
,,,,
202,322,506,393,413
,,,,
202,321,507,393,416
,,,,
204,324,506,395,414
,,,,
201,324,507,392,414
,,,,
204,323,506,393,414
,,,,
203,323,507,394,415
,,,,
203,324,506,393,414
,,,,
200,323,508,393,414
,,,,
203,324,507,392,413
,,,,
202,323,503,394,406
,,,,
202,324,508,395,412
,,,,
202,322,507,394,414
,,,,
202,322,507,394,411
,,,,
203,324,503,395,413
,,,,
203,324,506,393,409
,,,,
201,324,508,392,412
,,,,
200,322,504,392,412
,,,,
202,322,507,392,414
,,,,
200,322,508,394,413
,,,,
203,322,507,395,417
,,,,
201,322,502,393,415
,,,,
201,324,508,394,415
,,,,
200,322,506,393,416
,,,,
204,323,508,395,417
,,,,
200,324,507,393,416
,,,,
202,325,505,394,416
,,,,
202,322,507,393,417
,,,,
203,322,503,396,417
200,325,507,393,417
,,,,
202,322,509,395,418
,,,,
202,323,507,394,419
,,,,
202,322,507,393,418
,,,,
201,323,506,395,417
,,,,
201,324,508,394,418
,,,,
202,322,508,394,418
,,,,
203,323,506,394,417
,,,,
202,322,507,395,417
,,,,
203,323,505,395,417
,,,,
202,323,507,395,419
,,,,
202,321,509,394,416
,,,,
202,322,507,395,417
,,,,
201,322,507,393,417
,,,,
203,323,507,393,417
,,,,
202,322,507,395,418
,,,,
203,322,507,393,418
,,,,
200,321,509,395,419
,,,,
202,323,504,394,417
,,,,
201,324,507,393,417
,,,,
200,323,504,393,414
,,,,
200,322,509,394,415
,,,,
200,324,505,393,415
,,,,
203,324,505,394,416
,,,,
203,323,508,393,416
,,,,
203,323,505,393,416
,,,,
200,322,504,392,416
,,,,
202,323,507,392,412
,,,,
202,321,509,394,413
,,,,
202,322,504,393,412
,,,,
202,322,506,393,414
,,,,
202,323,505,393,416
,,,,
202,323,509,393,416
,,,,
201,324,504,392,417
,,,,
203,324,505,393,416
,,,,
203,324,507,391,417
,,,,
202,322,505,393,417
,,,,
202,323,505,393,417
,,,,
202,321,505,392,417
,,,,
202,321,509,392,416
,,,,
203,323,508,392,417
,,,,
202,323,505,390,411
,,,,
203,323,507,391,416
,,,,
203,324,505,390,416
,,,,
201,324,507,391,417
,,,,
200,323,505,390,416
,,,,
203,322,506,391,416
,,,,
201,322,506,391,419
,,,,
202,324,505,390,416
,,,,
202,323,507,390,415
,,,,
203,323,505,389,415
,,,,
201,323,505,389,416
,,,,
200,322,508,390,414
,,,,
202,324,507,389,409
,,,,
200,321,506,389,411
,,,,
200,324,506,389,412
,,,,
203,323,507,390,417
,,,,
202,322,505,391,414
,,,,
200,322,506,391,412
,,,,
201,323,506,391,412
,,,,
202,322,507,390,413
,,,,
202,323,507,389,413
,,,,
202,324,507,389,415
,,,,
202,322,507,390,416
,,,,
201,325,506,390,416
,,,,
201,324,507,389,414
,,,,
202,321,505,388,417
,,,,
202,321,504,391,414
,,,,
202,323,506,388,416
,,,,
200,323,506,390,416
,,,,
203,323,505,388,415
,,,,
203,322,505,390,411
,,,,
203,323,506,388,418
,,,,
201,323,506,389,416
,,,,
202,322,507,389,415
,,,,
203,323,504,387,415
,,,,
202,321,504,389,410
,,,,
203,322,507,389,414
,,,,
202,321,506,390,411
,,,,
202,321,507,389,417
,,,,
202,324,505,389,416
,,,,
202,324,506,387,416
202,323,505,390,417
,,,,
202,322,507,388,417
,,,,
201,323,502,388,415
,,,,
203,323,504,389,415
,,,,
203,322,503,391,418
,,,,
201,323,504,391,416
,,,,
200,321,505,389,415
,,,,
203,323,506,389,413
,,,,
202,321,505,391,417
,,,,
201,321,506,389,416
,,,,
201,323,504,391,416
203,323,504,389,408
,,,,
203,323,504,389,414
,,,,
201,323,505,390,408
,,,,
202,323,504,389,416
,,,,
200,323,506,392,417
,,,,
201,323,506,392,413
,,,,
200,323,506,392,414
,,,,
201,323,503,390,415
,,,,
200,322,507,391,415
,,,,
203,322,506,390,416
,,,,
203,322,506,392,412
,,,,
203,324,506,393,419
,,,,
201,322,505,391,417
,,,,
203,322,506,391,418
,,,,
202,322,504,393,419
,,,,
202,323,505,392,417
,,,,
203,322,506,392,420
,,,,
201,322,506,393,417
,,,,
200,321,506,394,419
,,,,
201,324,506,392,418
,,,,
201,321,506,393,419
,,,,
203,321,506,395,419
,,,,
201,323,506,394,419
,,,,
202,322,504,393,419
,,,,
203,323,505,394,417
,,,,
203,323,504,395,413
,,,,
201,322,505,393,413
,,,,
202,322,505,394,416
,,,,
203,323,505,394,410
,,,,
203,324,505,394,416
,,,,
203,323,505,394,417
,,,,
202,322,504,394,419
,,,,
203,323,505,395,419
,,,,
201,323,506,396,418
,,,,
202,321,504,395,418
,,,,
201,323,506,396,418
,,,,
203,324,504,396,419
,,,,
202,321,505,396,420
,,,,
202,321,502,394,419
,,,,
203,322,504,395,419
,,,,
201,323,504,394,420
201,321,506,394,420
,,,,
201,322,504,394,420
,,,,
202,323,505,396,418
,,,,
203,322,505,396,418
,,,,
203,323,503,394,420
,,,,
202,321,503,394,420
,,,,
203,322,505,394,419
,,,,
203,322,504,396,421
,,,,
202,321,506,396,420
,,,,
201,323,505,396,419
,,,,
201,322,506,396,419
,,,,
203,323,506,397,421
,,,,
203,323,504,396,418
,,,,
200,321,505,395,419
,,,,
203,323,504,395,420
,,,,
203,323,505,396,420
,,,,
202,323,506,396,418
,,,,
203,321,505,395,420
,,,,
202,321,506,396,420
,,,,
202,322,504,396,419
,,,,
203,322,504,396,418
,,,,
203,323,505,396,417
,,,,
202,323,507,396,417
,,,,
203,322,505,396,416
,,,,
203,322,505,396,419
,,,,
201,322,506,398,418
,,,,
202,322,505,397,414
,,,,
202,322,504,395,417
,,,,
200,321,505,396,416
,,,,
203,321,504,396,416
,,,,
202,321,506,397,416
,,,,
201,323,505,396,414
,,,,
200,321,505,396,414
,,,,
203,323,505,397,414
,,,,
201,323,505,397,418
,,,,
204,320,504,396,415
,,,,
203,323,505,396,419
,,,,
201,323,504,397,414
,,,,
203,323,505,397,419
,,,,
201,322,506,397,413
,,,,
203,322,505,397,414
,,,,
201,322,505,396,418
,,,,
202,320,504,396,416
,,,,
202,322,504,397,415
,,,,
201,323,505,398,415
,,,,
203,323,505,396,414
,,,,
202,322,506,396,414
,,,,
202,321,506,396,416
,,,,
200,320,504,396,413
,,,,
200,320,504,397,417
,,,,
201,323,505,397,418
,,,,
203,322,504,396,416
,,,,
202,322,504,396,417
,,,,
203,322,504,399,416
,,,,
200,321,506,396,418
,,,,
202,322,505,398,415
,,,,
201,323,506,396,413
,,,,
203,322,504,398,417
201,322,505,396,414
,,,,
200,321,506,399,416
,,,,
202,321,504,396,418
,,,,
200,322,505,398,416
,,,,
202,322,504,396,417
,,,,
203,322,506,397,417
,,,,
200,323,505,396,414
,,,,
203,323,506,396,416
,,,,
201,321,505,396,419
,,,,
201,323,505,397,418
,,,,
202,321,505,396,418
,,,,
200,322,505,396,420
,,,,
202,321,504,397,419
,,,,
203,322,506,396,418
,,,,
201,323,506,397,420
,,,,
202,320,504,397,420
,,,,
202,322,505,398,418
,,,,
201,323,505,396,419
,,,,
201,321,507,397,420
,,,,
200,322,505,397,420
,,,,
201,320,506,398,420
,,,,
200,320,504,397,420
,,,,
203,322,506,396,419
,,,,
202,321,505,398,420
,,,,
203,322,505,397,421
,,,,
202,320,505,398,421
,,,,
202,322,505,396,420
,,,,
200,323,506,397,418
,,,,
202,321,505,398,421
201,321,505,399,420
,,,,
200,323,505,396,420
,,,,
202,321,506,399,419
,,,,
203,322,504,398,419
,,,,
201,322,505,396,421
,,,,
202,321,504,396,421
,,,,
202,322,504,398,420
,,,,
201,322,505,397,420
,,,,
201,322,504,397,420
,,,,
200,320,505,398,420
,,,,
200,321,505,398,420
,,,,
201,321,504,398,420
,,,,
202,322,504,398,421
,,,,
200,322,504,395,420
,,,,
201,322,505,397,419
,,,,
202,321,505,397,419
,,,,
201,322,504,395,419
,,,,
202,323,505,396,421
,,,,
200,321,505,396,418
,,,,
200,323,504,396,418
,,,,
200,323,505,396,418
,,,,
200,321,505,396,418
,,,,
201,322,504,397,420
,,,,
199,323,504,395,418
,,,,
200,320,504,395,419
,,,,
201,323,505,394,418
,,,,
202,322,505,395,419
,,,,
201,321,504,397,419
,,,,
200,323,505,394,419
,,,,
201,321,503,396,418
,,,,
201,322,504,395,417
,,,,
202,320,504,396,416
,,,,
200,321,504,395,420
,,,,
202,321,505,395,418
,,,,
200,320,506,395,419
,,,,
201,322,504,393,420
,,,,
203,322,505,394,420
,,,,
203,322,504,395,419
,,,,
200,323,504,395,420
,,,,
200,323,506,393,420
,,,,
203,322,506,394,420
,,,,
201,320,508,395,421
,,,,
202,320,506,394,421
,,,,
201,322,507,393,420
,,,,
202,321,506,395,421
,,,,
200,321,507,393,419
,,,,
202,323,507,395,422
,,,,
201,323,506,393,420
,,,,
202,320,507,394,420
,,,,
202,320,507,395,422
,,,,
202,322,507,394,421
,,,,
202,323,506,395,419
,,,,
201,322,505,394,422
,,,,
200,320,505,394,422
,,,,
202,321,506,394,421
,,,,
201,321,505,394,421
,,,,
201,320,507,395,422
,,,,
202,321,507,396,422
,,,,
201,323,506,394,420
,,,,
202,320,506,397,421
,,,,
202,321,505,394,422
,,,,
202,322,506,394,422
,,,,
203,322,505,396,420
,,,,
203,321,506,397,420
,,,,
200,320,506,395,421
,,,,
200,320,506,397,422
,,,,
200,321,507,396,421
,,,,
200,322,506,396,420
,,,,
201,321,507,396,422
,,,,
202,321,505,396,422
,,,,
200,322,506,395,420
,,,,
202,321,505,397,422
,,,,
200,323,506,396,421
,,,,
202,322,505,397,422
,,,,
203,322,504,397,421
,,,,
201,321,505,397,422
,,,,
202,323,506,397,421
,,,,
200,322,505,396,421
,,,,
200,321,505,396,422
,,,,
201,321,507,399,423
,,,,
200,321,507,397,422
,,,,
202,322,505,397,423
,,,,
200,321,505,398,423
,,,,
203,322,505,396,421
,,,,
201,321,507,398,423
,,,,
202,323,506,399,422
,,,,
200,320,506,399,422
,,,,
201,322,506,398,421
,,,,
201,322,504,398,422
,,,,
200,321,505,398,422
,,,,
199,323,506,399,422
,,,,
202,320,505,399,421
,,,,
202,321,505,399,421
,,,,
201,321,506,397,422
,,,,
202,320,504,396,423
,,,,
200,321,507,398,422
,,,,
201,320,504,396,423
,,,,
201,321,506,396,421
,,,,
200,320,504,398,422
,,,,
202,322,504,398,422
,,,,
201,320,504,396,421
,,,,
201,322,505,397,421
,,,,
203,322,505,396,421
,,,,
200,320,506,398,421
,,,,
200,320,504,398,422
,,,,
201,321,504,397,423
,,,,
202,322,505,397,422
,,,,
202,321,505,396,421
,,,,
202,322,505,396,421
,,,,
200,321,505,396,422
,,,,
201,322,505,396,422
,,,,
200,321,506,398,422
,,,,
202,320,505,397,423
,,,,
200,320,505,397,421
,,,,
201,320,505,398,423
,,,,
202,322,505,398,422
,,,,
200,321,505,397,422
,,,,
200,320,505,398,422
,,,,
203,322,505,396,421
,,,,
203,322,505,398,421
,,,,
200,320,504,398,422
,,,,
202,320,504,398,423
,,,,
202,321,505,398,422
,,,,
202,322,505,396,421
,,,,
200,322,505,397,421
,,,,
200,320,504,396,423
,,,,
199,321,504,397,423
,,,,
201,321,504,396,425
,,,,
201,320,506,396,424
,,,,
200,321,504,396,425
,,,,
200,323,504,396,424
,,,,
201,321,505,398,422
,,,,
200,320,504,398,424
,,,,
200,320,506,397,424
,,,,
201,322,505,396,424
,,,,
199,322,505,396,423
,,,,
200,322,505,395,424
,,,,
200,320,505,397,425
,,,,
201,322,506,397,424
,,,,
201,322,505,397,425
,,,,
201,320,505,395,425
,,,,
201,321,506,397,424
,,,,
202,321,505,397,424
,,,,
200,320,504,396,424
,,,,
200,320,505,394,424
,,,,
200,321,504,394,425
,,,,
202,322,505,396,425
,,,,
201,321,506,395,424
,,,,
201,322,504,394,424
,,,,
200,320,506,396,423
,,,,
199,322,504,395,424
201,320,504,396,425
,,,,
200,321,504,395,424
,,,,
199,323,505,395,425
,,,,
200,320,506,396,425
,,,,
199,322,505,394,424
,,,,
201,321,504,394,425
,,,,
200,320,506,395,425
,,,,
202,321,504,394,426
,,,,
201,322,505,394,423
,,,,
201,321,505,395,426
200,320,504,395,425
,,,,
202,322,504,393,426
,,,,
200,322,504,393,424
,,,,
202,320,505,392,425
,,,,
201,322,504,393,425
,,,,
202,321,503,392,423
,,,,
200,321,505,393,426
,,,,
201,320,503,392,424
,,,,
201,322,504,393,425
,,,,
201,321,504,394,425
,,,,
201,320,506,393,423
,,,,
200,322,504,394,423
,,,,
202,322,504,394,425
,,,,
200,320,505,394,425
,,,,
202,321,505,394,425
,,,,
201,321,504,393,425
,,,,
201,321,504,393,423
,,,,
200,320,505,393,424
,,,,
200,321,504,394,425
,,,,
201,323,504,394,423
,,,,
200,321,503,393,425
,,,,
201,321,504,396,425
,,,,
200,320,503,395,425
,,,,
200,319,504,395,425
,,,,
201,321,503,394,425
,,,,
202,322,504,396,425
,,,,
201,322,503,394,425
,,,,
200,320,505,396,425
,,,,
200,320,505,395,424
,,,,
201,322,503,395,425
,,,,
202,320,503,394,426
,,,,
202,319,503,397,425
,,,,
201,321,504,396,424
,,,,
201,321,504,396,424
,,,,
201,321,504,396,425
,,,,
201,320,503,397,424
,,,,
200,319,505,396,425
,,,,
200,320,503,395,426
200,320,504,398,424
,,,,
200,322,504,395,424
,,,,
202,322,504,396,424
,,,,
202,321,506,397,425
,,,,
200,322,503,398,425
,,,,
200,320,505,397,425
,,,,
200,321,504,397,425
,,,,
200,320,505,398,424
,,,,
202,321,504,398,425
,,,,
199,322,503,399,425
202,320,503,399,423
,,,,
203,321,504,398,424
,,,,
200,320,504,399,424
,,,,
201,321,504,398,426
,,,,
202,320,505,399,424
,,,,
202,321,503,400,424
,,,,
201,321,504,399,424
,,,,
202,320,505,399,425
,,,,
200,320,505,399,426
,,,,
202,319,504,397,424
,,,,
203,321,503,398,424
,,,,
200,321,504,400,424
,,,,
202,319,505,399,426
,,,,
202,319,505,399,424
,,,,
202,320,503,400,425
,,,,
201,321,504,399,425
,,,,
202,322,504,398,424
,,,,
203,321,503,398,424
,,,,
201,322,504,398,424
,,,,
200,320,503,398,424
201,320,503,397,425
,,,,
200,321,504,397,424
,,,,
202,320,503,399,425
,,,,
201,322,505,400,426
,,,,
200,322,503,397,424
,,,,
201,320,503,398,425
,,,,
203,321,503,397,424
,,,,
201,320,504,397,425
,,,,
201,321,503,397,425
,,,,
201,319,504,398,423
,,,,
200,321,504,397,425
,,,,
200,321,503,397,423
,,,,
199,322,503,397,424
,,,,
200,322,503,399,423
,,,,
200,322,504,396,424
,,,,
201,321,504,397,422
,,,,
200,319,503,399,423
,,,,
201,319,503,398,424
,,,,
202,319,503,397,421
,,,,
201,320,505,397,419
,,,,
199,322,503,397,416
,,,,
202,320,504,397,413
,,,,
201,320,503,398,413
,,,,
201,320,503,399,418
,,,,
200,319,504,398,418
,,,,
200,320,503,398,417
,,,,
201,321,504,399,416
,,,,
202,319,504,398,417
,,,,
202,319,503,398,418
,,,,
200,319,502,396,418
,,,,
200,319,502,398,417
201,321,502,397,419
,,,,
203,320,502,399,416
,,,,
200,319,502,400,417
,,,,
201,322,504,399,417
,,,,
201,320,502,398,413
,,,,
202,320,502,400,413
,,,,
199,321,502,400,418
,,,,
200,319,504,400,420
,,,,
200,322,504,399,420
,,,,
200,321,503,398,420
201,321,502,399,416
,,,,
201,321,504,400,416
,,,,
200,320,504,399,414
,,,,
200,321,503,399,416
,,,,
202,321,503,399,417
,,,,
202,320,504,399,411
,,,,
200,321,503,400,417
,,,,
200,321,503,399,415
,,,,
200,322,503,400,417
,,,,
201,321,503,399,417
201,321,504,400,418
,,,,
201,319,505,401,419
,,,,
201,320,503,399,417
,,,,
200,321,503,399,418
,,,,
201,320,503,399,420
,,,,
201,320,502,400,419
,,,,
201,320,503,399,416
,,,,
201,321,503,400,413
,,,,
201,321,503,401,415
,,,,
200,319,504,401,415
,,,,
200,320,504,400,418
,,,,
202,320,503,400,417
,,,,
201,320,502,399,420
,,,,
199,322,503,400,420
,,,,
202,319,502,399,416
,,,,
201,321,503,400,416
,,,,
199,320,503,401,417
,,,,
200,319,504,400,420
,,,,
200,319,504,400,421
,,,,
200,321,503,401,422
,,,,
202,319,504,400,421
,,,,
201,321,504,399,421
,,,,
200,319,502,398,420
,,,,
201,320,504,401,419
,,,,
201,320,502,399,420
,,,,
201,319,504,401,418
,,,,
201,320,503,400,419
,,,,
200,321,503,399,420
,,,,
200,319,502,401,419
,,,,
199,321,503,400,420
,,,,
201,320,503,401,419
,,,,
201,321,503,399,418
,,,,
202,319,505,400,420
,,,,
200,320,502,400,420
,,,,
201,321,503,400,420
,,,,
201,321,503,400,422
,,,,
201,321,503,400,421
,,,,
201,319,504,400,422
,,,,
200,319,503,401,420
,,,,
202,320,503,399,422
,,,,
200,321,503,399,421
,,,,
201,321,503,399,420
,,,,
200,320,502,400,422
,,,,
203,320,502,401,421
,,,,
200,319,504,400,421
,,,,
200,319,504,400,421
,,,,
201,320,504,401,421
,,,,
201,320,504,401,420
,,,,
200,318,504,400,422
,,,,
202,320,503,401,420
,,,,
200,321,504,401,421
,,,,
201,321,503,399,421
,,,,
202,320,502,401,421
,,,,
200,319,502,400,420
,,,,
203,320,504,400,421
,,,,
203,321,503,399,420
,,,,
202,322,503,400,422
,,,,
201,321,502,399,421
,,,,
201,319,504,401,420
,,,,
200,321,502,400,422
201,319,502,400,422
,,,,
200,319,504,400,422
,,,,
202,321,502,399,422
,,,,
200,319,503,397,422
,,,,
201,319,503,396,422
,,,,
201,321,503,397,422
,,,,
202,321,504,396,421
,,,,
200,320,504,396,422
,,,,
203,320,503,394,421
,,,,
201,319,503,395,420
202,319,502,395,423
,,,,
200,322,502,395,422
,,,,
202,319,504,394,423
,,,,
200,319,502,394,421
,,,,
201,321,502,393,421
,,,,
201,322,503,394,421
,,,,
202,320,501,395,422
,,,,
200,319,503,396,420
,,,,
200,321,503,395,421
,,,,
201,322,503,393,421
,,,,
200,319,502,394,420
,,,,
203,321,503,394,420
,,,,
202,319,504,394,421
,,,,
200,320,504,395,419
,,,,
202,321,503,394,420
,,,,
200,319,502,395,419
,,,,
201,321,504,394,419
,,,,
203,319,503,393,419
,,,,
201,321,504,395,419
200,319,504,393,419
,,,,
202,321,504,394,418
,,,,
200,318,504,394,419
,,,,
200,318,502,393,416
,,,,
202,320,503,395,417
,,,,
202,321,503,395,419
,,,,
200,320,504,393,418
,,,,
202,321,503,394,419
,,,,
201,321,502,393,417
,,,,
202,320,503,395,419
199,321,504,396,417
,,,,
201,321,504,395,420
,,,,
201,321,503,395,417
,,,,
201,320,503,395,416
,,,,
200,319,504,396,416
,,,,
200,320,504,393,415
,,,,
200,319,502,393,416
,,,,
201,319,502,395,418
,,,,
202,319,504,394,419
,,,,
202,321,503,395,417
,,,,
200,320,503,395,416
,,,,
200,319,504,396,416
,,,,
200,319,502,394,420
,,,,
200,319,504,396,420
,,,,
200,320,503,395,419
,,,,
200,321,503,394,418
,,,,
200,321,503,394,419
,,,,
200,319,503,394,419
,,,,
200,320,502,396,419
201,319,503,393,419
,,,,
201,319,504,395,419
,,,,
200,320,502,393,417
,,,,
201,321,504,395,419
,,,,
200,318,502,396,417
,,,,
200,321,502,396,419
,,,,
202,319,503,396,419
,,,,
201,320,503,396,419
,,,,
201,321,503,395,417
,,,,
201,319,504,395,418
,,,,
200,320,503,395,420
,,,,
202,321,503,396,421
,,,,
201,320,502,396,419
,,,,
200,321,502,396,419
,,,,
201,321,502,394,420
,,,,
202,320,503,396,421
,,,,
202,320,503,394,421
,,,,
201,321,503,395,419
,,,,
202,320,502,395,419
,,,,
199,321,502,395,420
,,,,
201,320,502,395,421
,,,,
201,320,501,394,421
,,,,
199,320,502,396,421
,,,,
200,320,502,394,422
,,,,
201,321,502,396,421
,,,,
202,320,502,395,421
,,,,
201,321,503,396,420
,,,,
202,321,503,394,419
,,,,
201,320,502,396,421
,,,,
202,320,502,395,421
,,,,
200,321,503,393,421
,,,,
201,320,503,394,421
,,,,
201,319,502,395,421
,,,,
200,319,501,393,419
,,,,
200,319,503,394,419
,,,,
202,320,502,394,421
,,,,
200,320,501,394,420
,,,,
201,320,503,394,419
,,,,
199,322,501,396,420
,,,,
200,318,503,395,419
,,,,
201,320,501,394,418
,,,,
201,320,502,395,419
,,,,
201,320,502,395,418
,,,,
202,321,501,395,418
,,,,
201,320,502,393,417
,,,,
203,320,502,394,419
,,,,
201,320,501,395,419
,,,,
200,318,503,395,416
,,,,
200,318,501,394,418
,,,,
200,318,502,395,415
,,,,
201,321,503,396,416
,,,,
200,318,501,396,420
,,,,
200,321,502,395,420
,,,,
201,319,501,396,415
,,,,
201,320,500,394,418
,,,,
201,319,501,395,418
,,,,
201,321,501,394,418
,,,,
201,321,501,395,419
,,,,
201,319,501,395,418
,,,,
200,319,501,394,416
,,,,
201,320,501,396,414
,,,,
200,320,501,396,416
,,,,
201,319,502,396,415
,,,,
200,320,503,396,418
,,,,
200,318,502,394,419
,,,,
199,321,501,395,418
,,,,
200,320,501,397,418
,,,,
202,320,502,395,420
,,,,
201,319,502,395,420
,,,,
200,318,502,396,419
,,,,
200,318,503,396,419
,,,,
200,320,502,395,417
,,,,
201,320,501,395,419
,,,,
201,319,502,395,419
,,,,
200,319,502,396,418
,,,,
201,320,501,394,419
,,,,
200,318,502,395,417
,,,,
201,320,502,395,417
,,,,
201,319,501,395,413
,,,,
201,319,502,395,415
,,,,
200,319,501,395,417
,,,,
201,321,501,395,417
,,,,
201,318,502,396,420
,,,,
200,321,502,394,420
,,,,
200,320,501,394,420
,,,,
200,318,504,396,419
,,,,
201,320,501,396,420
,,,,
201,318,501,396,421
,,,,
201,320,501,395,420
,,,,
202,320,503,395,419
,,,,
200,318,500,397,420
,,,,
200,321,501,395,418
,,,,
201,320,502,396,418
,,,,
200,319,503,397,420
,,,,
201,320,502,397,419
,,,,
200,319,503,395,419
,,,,
200,318,502,397,420
,,,,
201,320,502,396,421
,,,,
201,320,503,397,421
,,,,
200,318,501,397,418
,,,,
202,321,503,397,418
,,,,
202,320,502,396,418
,,,,
202,319,503,396,417
,,,,
200,320,503,397,416
,,,,
201,319,502,397,415
,,,,
200,320,503,397,416
,,,,
200,320,502,397,415
,,,,
201,321,501,396,416
,,,,
200,319,502,397,417
,,,,
200,318,503,399,416
,,,,
201,319,503,398,417
,,,,
200,321,501,396,415
,,,,
201,318,501,396,416
,,,,
201,318,502,398,417
,,,,
200,319,500,397,417
,,,,
199,319,501,397,418
,,,,
200,318,503,399,416
,,,,
200,320,501,397,416
,,,,
198,318,502,398,416
,,,,
200,318,501,398,417
,,,,
199,318,503,397,417
,,,,
199,318,502,397,416
,,,,
201,320,501,397,416
,,,,
200,321,503,399,417
,,,,
199,320,501,396,415
,,,,
199,320,502,398,416
,,,,
199,319,501,398,409
,,,,
201,319,500,396,411
,,,,
201,320,502,398,415
,,,,
201,318,500,398,415
,,,,
201,319,500,398,414
,,,,
201,320,501,396,413
,,,,
200,319,502,398,413
,,,,
199,320,500,395,418
,,,,
201,320,500,398,419
,,,,
199,320,501,397,419
,,,,
200,319,502,396,419
,,,,
199,319,499,395,419
,,,,
202,318,502,395,418
,,,,
201,319,500,396,419
,,,,
199,320,501,395,420
,,,,
201,320,500,395,421
,,,,
201,320,501,396,421
,,,,
202,319,500,395,420
,,,,
200,319,501,395,420
,,,,
198,318,499,395,420
,,,,
199,320,501,395,419
,,,,
198,319,500,396,419
,,,,
200,318,501,395,421
,,,,
200,318,500,395,421
,,,,
201,320,501,394,421
,,,,
198,320,499,393,420
,,,,
198,319,500,394,420
,,,,
199,319,500,395,419
,,,,
201,320,500,393,419
,,,,
201,320,501,395,421
,,,,
200,320,499,393,420
,,,,
200,319,500,395,415
,,,,
199,319,499,394,418
,,,,
200,321,500,393,419
,,,,
199,319,499,392,419
,,,,
201,318,499,391,421
,,,,
201,319,499,392,420
,,,,
200,320,501,394,420
,,,,
200,319,500,394,421
,,,,
199,318,499,392,421
,,,,
200,318,499,391,421
,,,,
201,320,500,392,421
,,,,
201,319,500,393,420
,,,,
200,318,498,391,421
,,,,
200,318,499,392,422
,,,,
199,320,499,391,420
,,,,
201,320,500,392,422
,,,,
199,319,496,390,420
,,,,
200,320,498,392,420
,,,,
199,320,499,391,422
,,,,
201,319,499,392,422
,,,,
199,320,499,392,421
,,,,
198,320,499,392,423
,,,,
201,320,498,391,421
,,,,
201,319,500,392,423
,,,,
200,318,498,390,423
,,,,
200,320,499,391,423
,,,,
199,320,499,390,422
,,,,
201,320,497,392,424
,,,,
201,320,499,392,424
,,,,
198,319,499,392,423
,,,,
200,321,499,391,423
,,,,
199,319,497,393,421
,,,,
201,318,498,393,420
,,,,
200,318,500,391,421
,,,,
201,318,500,393,420
,,,,
200,320,499,393,418
,,,,
201,319,498,393,415
,,,,
199,319,498,393,418
,,,,
201,319,499,391,417
,,,,
198,319,499,393,419
,,,,
198,320,497,391,413
,,,,
198,320,497,394,418
198,320,499,392,416
,,,,
199,319,496,393,418
,,,,
201,319,499,392,419
,,,,
200,318,499,394,420
,,,,
201,319,498,392,417
,,,,
200,318,498,393,419
,,,,
200,320,498,393,417
,,,,
199,319,497,393,416
,,,,
199,318,498,394,414
,,,,
201,318,499,393,417
,,,,
200,320,499,393,421
,,,,
198,320,498,394,420
,,,,
198,320,497,394,419
,,,,
200,318,497,392,420
,,,,
199,319,498,394,421
,,,,
200,320,498,394,420
,,,,
199,319,498,394,421
,,,,
199,319,499,393,421
,,,,
201,319,497,394,419
,,,,
199,319,496,393,420
,,,,
199,319,499,393,420
,,,,
198,320,500,394,420
,,,,
200,318,496,394,421
,,,,
198,320,497,395,420
,,,,
200,318,496,394,421
,,,,
198,317,495,393,421
,,,,
199,318,499,395,420
,,,,
198,318,496,395,420
,,,,
199,318,499,395,420
,,,,
201,319,498,394,420
,,,,
198,318,498,395,421
,,,,
200,320,499,394,420
,,,,
200,319,498,393,421
,,,,
200,317,499,395,422
,,,,
201,319,497,394,421
,,,,
199,319,497,394,423
,,,,
199,318,498,393,421
,,,,
200,320,500,396,421
,,,,
201,319,499,395,422
,,,,
201,319,499,394,421
,,,,
200,317,499,394,420
,,,,
200,318,499,397,421
,,,,
201,319,497,395,421
,,,,
201,319,497,396,421
,,,,
200,317,497,395,422
,,,,
200,320,500,396,420
,,,,
199,319,499,396,420
,,,,
199,320,497,396,422
,,,,
200,317,497,397,422
,,,,
199,319,498,395,420
,,,,
199,319,499,397,422
,,,,
199,320,498,396,421
,,,,
200,317,499,396,421
,,,,
201,318,498,397,420
,,,,
200,317,500,396,421
,,,,
198,319,500,397,422
,,,,
198,317,500,396,422
,,,,
199,320,500,395,420
,,,,
199,319,498,396,422
,,,,
200,319,496,397,420
,,,,
198,320,499,395,420
,,,,
200,318,498,397,421
,,,,
199,320,499,395,420
,,,,
200,318,497,394,422
,,,,
200,318,497,396,422
,,,,
201,319,499,394,422
,,,,
199,318,498,393,421
,,,,
200,317,496,395,421
,,,,
200,318,496,395,422
,,,,
200,317,497,395,421
,,,,
199,318,498,395,420
,,,,
200,317,497,395,420
,,,,
199,319,500,393,417
,,,,
198,317,498,395,419
,,,,
199,320,498,395,417
,,,,
201,319,499,393,415
,,,,
200,319,500,394,414
,,,,
199,318,498,393,411
,,,,
200,317,498,394,419
,,,,
200,319,498,394,420
,,,,
199,317,500,394,418
,,,,
201,319,497,391,416
,,,,
201,319,497,392,416
,,,,
198,318,499,394,416
,,,,
201,320,497,394,416
,,,,
198,317,499,393,416
,,,,
201,318,500,393,416
,,,,
200,318,500,392,420
,,,,
198,318,499,391,418
,,,,
200,318,500,393,418
,,,,
198,318,498,393,419
200,317,500,391,419
,,,,
201,318,499,392,419
,,,,
200,317,499,394,420
,,,,
199,320,500,392,418
,,,,
201,318,499,392,419
,,,,
199,319,499,393,418
,,,,
199,320,500,393,418
,,,,
198,318,498,393,417
,,,,
199,320,496,391,418
,,,,
199,318,500,392,416
,,,,
201,320,499,393,417
,,,,
199,320,498,392,416
,,,,
201,319,499,392,416
,,,,
200,319,498,394,416
,,,,
202,318,499,394,416
,,,,
198,319,497,392,416
,,,,
200,320,496,394,419
,,,,
200,317,497,393,417
,,,,
201,320,497,394,417
,,,,
200,317,496,395,418
,,,,
198,317,500,395,418
,,,,
198,317,499,393,417
,,,,
199,320,498,393,416
,,,,
202,318,499,393,416
,,,,
200,318,499,394,415
,,,,
200,317,496,393,417
,,,,
200,318,498,394,417
,,,,
198,320,497,394,417
,,,,
199,319,498,394,419
,,,,
201,319,499,394,418
,,,,
,,,,
200,318,498,394,419
,,,,
200,317,499,395,420
,,,,
200,318,498,395,418
,,,,
198,317,496,394,417
,,,,
198,320,500,396,417
,,,,
199,319,499,396,417
,,,,
201,317,500,395,419
,,,,
200,319,499,395,418
,,,,
200,318,498,396,418
,,,,
200,320,499,394,417
200,,,,
317,499,396,418,
200,317,500,,
417,,,,
198,320,499,395,417
,,,,
199,319,498,394,416
,,,,
199,319,499,395,416
,,,,
200,318,499,395,418
,,,,
200,317,499,397,418
,,,,
199,319,499,394,417
,,,,
201,319,499,395,416
,,,,
201,319,500,396,417
,,,,
200,318,499,395,417
,,,,
201,319,498,394,417
,,,,
200,318,500,396,417
,,,,
318,498,396,415,
200,319,5,,
394,417,,,
200,319,495,39,
417,,,,
200,318,496,396,415
,,,,
200,317,499,397,414
,,,,
202,319,498,395,414
,,,,
201,319,497,396,414
,,,,
199,320,498,395,415
,,,,
200,317,495,395,415
,,,,
200,318,497,396,414
,,,,
200,319,498,396,416
,,,,
200,317,498,396,415
,,,,
200,317,496,396,416
,,,,
199,320,499,395,414
20,,,,
317,499,396,415,
201,319,499,,
396,414,,,
199,318,498,397,414
,,,,
200,318,497,396,416
,,,,
200,320,500,396,414
,,,,
201,318,498,395,414
,,,,
200,319,500,396,415
,,,,
200,318,500,397,417
,,,,
201,319,499,396,415
,,,,
199,319,499,395,416
,,,,
200,320,499,396,416
,,,,
201,318,497,395,417
,,,,
200,320,499,395,416
,,,,
200,319,498,396,415
199,319,4,,
396,417,,,
200,319,496,3,
419,,,,
199,317,499,395,416
,,,,
202,318,497,395,417
,,,,
199,317,494,397,417
,,,,
200,317,496,396,417
,,,,
201,320,494,397,417
,,,,
200,317,495,397,413
,,,,
200,318,495,394,415
,,,,
198,318,495,397,414
,,,,
201,319,495,394,416
,,,,
198,317,498,395,414
,,,,
200,317,500,396,415
20,,,,
318,499,396,416,
202,318,,,
497,396,415,,
200,319,500,397,
,,,,
198,317,499,396,413
,,,,
201,317,498,396,414
,,,,
201,318,497,395,411
,,,,
200,319,496,396,412
,,,,
200,319,495,395,412
,,,,
199,317,494,396,413
,,,,
201,319,496,395,411
,,,,
201,319,495,394,411
,,,,
201,319,496,397,409
,,,,
200,317,500,396,409
,,,,
200,318,501,397,410
200,,,,
499,395,410,,
200,318,5,,
396,412,,,
200,317,499,397,41
,,,,
201,318,499,398,415
,,,,
199,318,499,397,408
,,,,
200,319,500,397,415
,,,,
200,318,500,397,413
,,,,
200,317,499,398,416
,,,,
201,319,500,398,414
,,,,
199,319,499,397,414
,,,,
199,317,501,397,415
,,,,
201,318,499,396,416
,,,,
200,318,499,396,415
2,,,,
319,501,398,416,
200,31,,,
500,398,415,,
200,317,500,396,
417,,,,
202,318,499,399,416
,,,,
200,318,499,397,416
,,,,
200,320,499,396,414
,,,,
199,318,500,399,413
,,,,
201,319,500,398,410
,,,,
200,317,499,396,410
,,,,
199,319,499,396,414
,,,,
201,318,499,398,417
,,,,
201,319,500,398,415
,,,,
198,317,501,399,416
,,,,
200,316,500,397,417
,,,,
319,499,396,415,
198,317,499,3,
415,,,,
199,318,499,397,41
,,,,
201,320,499,398,414
,,,,
200,316,500,396,412
,,,,
200,318,500,398,411
,,,,
200,319,499,396,408
,,,,
199,319,499,398,412
,,,,
201,318,499,396,411
,,,,
201,320,500,398,416
,,,,
201,320,499,398,413
,,,,
202,318,498,395,415
,,,,
202,317,501,397,416
2,,,,
319,499,396,416,
201,31,,,
498,396,405,,
199,319,499,396,
412,,,,
199,318,498,398,415
,,,,
200,318,498,398,415
,,,,
200,317,499,398,413
,,,,
201,318,498,398,414
,,,,
199,318,498,398,415
,,,,
200,317,500,397,411
,,,,
201,320,500,397,411
,,,,
201,319,500,398,411
,,,,
200,319,500,397,411
,,,,
201,318,498,396,410
,,,,
200,320,499,397,412
,,,,
200,320,499,399,416
200,319,,,
398,413,,,
200,318,499,396,4
,,,,
200,317,498,396,410
,,,,
200,318,500,398,413
,,,,
198,317,499,397,414
,,,,
200,317,500,397,414
,,,,
200,317,500,398,416
,,,,
200,320,499,398,415
,,,,
200,318,498,399,415
,,,,
200,319,498,396,414
,,,,
200,317,498,396,413
,,,,
199,319,500,397,416
,,,,
200,317,500,398,417
20,,,,
319,500,398,415,
199,318,499,,
397,416,,,
200,317,499,396,
,,,,
200,319,499,397,414
,,,,
201,320,499,397,413
,,,,
200,319,500,398,413
,,,,
201,319,499,397,415
,,,,
200,320,499,396,414
,,,,
201,318,498,397,415
,,,,
200,319,499,396,416
,,,,
202,318,499,395,415
,,,,
200,317,498,394,411
,,,,
199,318,498,397,415
,,,,
201,318,499,396,418
200,318,,,
397,416,,,
198,318,499,3,
416,,,,
199,319,499,395,41
,,,,
201,318,498,395,417
,,,,
201,319,499,394,418
,,,,
200,320,500,395,415
,,,,
199,319,499,395,412
,,,,
202,319,499,396,410
,,,,
198,319,500,397,415
,,,,
199,319,499,396,416
,,,,
200,318,498,394,418
,,,,
198,319,499,394,418
,,,,
200,319,498,394,418
2,,,,
319,499,394,418,
200,319,49,,
393,416,,,
198,318,498,395,417
,,,,
201,318,499,395,418
,,,,
201,320,499,395,418
,,,,
201,320,499,395,417
,,,,
201,319,499,394,419
,,,,
201,319,498,395,418
,,,,
200,317,498,393,418
,,,,
201,318,498,394,418
,,,,
199,318,499,395,417
,,,,
199,318,498,394,416
,,,,
198,317,499,396,415
,,,,
200,317,499,394,416
201,,,,
318,497,395,407,
201,317,499,,
415,,,,
200,317,500,395,4
,,,,
202,318,498,393,417
,,,,
200,318,498,395,416
,,,,
200,317,499,395,416
,,,,
200,318,499,393,417
,,,,
201,318,497,394,411
,,,,
201,318,498,393,416
,,,,
201,318,498,395,416
,,,,
201,319,499,395,417
,,,,
200,319,499,395,417
,,,,
199,318,500,394,417
,,,,
201,318,499,393,417
202,31,,,
499,393,412,,
200,317,499,,
393,409,,,
201,318,497,395,410
,,,,
199,317,499,395,408
,,,,
201,318,499,395,408
,,,,
199,318,500,394,415
,,,,
201,317,498,395,416
,,,,
198,319,499,395,412
,,,,
200,318,497,394,415
,,,,
200,317,500,395,414
,,,,
200,318,497,395,419
,,,,
200,317,498,395,416
,,,,
199,319,499,394,416
200,,,,
317,498,396,418,
200,317,499,,
419,,,,
201,317,498,395,4
,,,,
201,318,498,394,417
,,,,
200,317,499,394,419
,,,,
199,320,500,395,419
,,,,
200,319,499,396,418
,,,,
198,318,499,396,419
,,,,
198,317,499,396,420
,,,,
199,319,500,396,418
,,,,
199,318,497,395,419
,,,,
201,319,498,396,421
,,,,
200,317,498,395,418
,,,,
201,317,498,397,419
200,3,,,
498,395,419,,
200,317,49,,
396,419,,,
200,317,497,395,421
,,,,
199,320,498,395,420
,,,,
201,319,498,397,419
,,,,
200,317,497,397,420
,,,,
200,318,499,396,421
,,,,
200,320,499,397,419
,,,,
198,317,497,395,420
,,,,
200,319,499,397,420
,,,,
201,317,498,398,421
,,,,
200,316,499,398,420
,,,,
200,317,498,397,419
200,,,,
317,497,396,420,
201,,,,
499,396,421,,
199,318,497,397,
,,,,
199,318,498,396,421
,,,,
201,317,499,396,420
,,,,
200,318,497,397,420
,,,,
201,318,498,396,421
,,,,
200,318,499,397,420
,,,,
198,317,497,396,419
,,,,
201,318,497,397,421
,,,,
199,318,498,396,420
,,,,
200,318,499,398,420
,,,,
200,317,498,398,420
,,,,
199,318,497,398,420
199,3,,,
497,398,421,,
201,317,49,,
399,420,,,
201,318,498,397,421
,,,,
199,318,497,396,420
,,,,
198,316,498,398,420
,,,,
200,318,497,399,421
,,,,
201,319,498,397,421
,,,,
198,317,499,398,421
,,,,
200,318,498,398,420
,,,,
199,318,498,399,421
,,,,
201,318,497,399,421
,,,,
199,317,498,397,420
,,,,
201,318,498,397,419
,,,,
200,317,498,398,421
200,316,,,
498,399,421,,
200,317,499,,
422,,,,
198,317,498,399,4
,,,,
201,319,497,398,421
,,,,
200,319,499,400,421
,,,,
200,317,499,398,422
,,,,
200,317,499,399,422
,,,,
200,317,497,398,421
,,,,
201,317,497,400,420
,,,,
198,317,498,399,420
,,,,
200,319,497,399,420
,,,,
200,318,499,399,420
,,,,
200,316,498,399,421
2,,,,
318,498,399,420,
201,3,,,
497,397,421,,
199,318,497,39,
422,,,,
201,318,497,397,421
,,,,
198,316,497,397,420
,,,,
200,319,496,396,421
,,,,
201,318,498,398,420
,,,,
198,316,499,399,420
,,,,
201,318,497,398,422
,,,,
200,318,498,398,421
,,,,
201,318,498,397,421
,,,,
200,319,498,399,419
,,,,
199,318,498,398,422
,,,,
200,317,498,398,422
202,,,,
317,499,398,420,
199,319,497,,
421,,,,
198,319,499,397,420
,,,,
201,318,498,398,420
,,,,
201,319,497,397,420
,,,,
200,317,499,398,421
,,,,
200,317,499,398,420
,,,,
198,319,498,397,420
,,,,
200,318,498,397,420
,,,,
200,317,496,397,418
,,,,
201,318,499,398,417
,,,,
200,317,497,396,416
,,,,
198,319,498,397,411
,,,,
317,498,397,417,
200,3,,,
497,399,406,,
199,318,499,39,
410,,,,
199,319,497,398,411
,,,,
201,320,497,400,413
,,,,
200,317,498,399,418
,,,,
198,320,498,398,415
,,,,
200,316,497,398,416
,,,,
200,317,499,398,417
,,,,
199,319,498,397,413
,,,,
199,319,499,399,415
,,,,
198,317,497,399,415
,,,,
201,319,498,400,417
,,,,
200,317,497,398,416
20,,,,
318,498,399,417,
201,318,,,
497,400,416,,
200,317,498,398,
,,,,
200,318,498,399,406
,,,,
200,318,498,400,412
,,,,
199,319,496,399,419
,,,,
200,318,498,398,420
,,,,
201,319,498,399,421
,,,,
201,318,497,398,420
,,,,
200,318,498,399,419
,,,,
200,317,497,399,420
,,,,
201,319,498,398,421
,,,,
199,318,497,397,420
,,,,
199,319,497,398,420
1,,,,
317,499,398,419,
199,318,49,,
399,420,,,
199,320,497,400,420
,,,,
201,319,497,398,419
,,,,
200,318,499,397,420
,,,,
200,316,497,398,419
,,,,
200,317,497,400,421
,,,,
199,319,498,398,420
,,,,
200,317,497,400,421
,,,,
199,318,496,397,420
,,,,
198,316,498,400,421
,,,,
200,317,497,399,419
,,,,
199,318,497,398,419
,,,,
200,317,498,399,420
198,,,,
318,499,399,420,
201,317,498,,
420,,,,
200,316,498,399,419
,,,,
200,317,499,399,420
,,,,
201,318,497,398,420
,,,,
200,318,498,398,420
,,,,
200,319,498,398,418
,,,,
201,317,496,401,420
,,,,
198,319,498,399,420
,,,,
200,317,499,400,420
,,,,
200,317,497,401,419
,,,,
200,317,497,400,419
,,,,
198,316,497,400,418
,,,,
317,497,400,420,
199,318,4,,
400,419,,,
199,319,498,40,
419,,,,
199,318,496,399,419
,,,,
198,317,498,401,419
,,,,
201,319,498,402,420
,,,,
198,316,496,400,417
,,,,
200,319,498,401,418
,,,,
200,319,498,401,413
,,,,
198,319,498,401,409
,,,,
200,318,498,400,416
,,,,
199,318,498,401,418
,,,,
198,318,498,402,416
,,,,
199,317,498,403,411
199,,,,
318,497,403,416,
198,317,496,,
402,416,,,
199,317,497,401,418
,,,,
201,318,499,402,414
,,,,
200,318,498,403,415
,,,,
199,318,498,402,415
,,,,
200,317,496,401,416
,,,,
199,318,497,401,419
,,,,
199,317,497,403,418
,,,,
198,319,497,403,418
,,,,
201,319,497,403,417
,,,,
201,319,498,402,417
,,,,
199,318,497,403,414
,,,,
319,497,402,416,
201,3,,,
498,404,414,,
201,318,49,,
402,414,,,
201,318,496,403,417
,,,,
201,318,496,403,413
,,,,
199,318,496,401,415
,,,,
199,318,497,403,411
,,,,
200,316,498,402,416
,,,,
198,317,498,402,416
,,,,
199,316,498,403,417
,,,,
198,318,497,401,416
,,,,
199,318,497,401,417
,,,,
199,316,496,403,416
,,,,
200,317,498,403,417
,,,,
197,318,496,403,416
200,316,498,,
402,417,,,
199,318,498,403,
,,,,
198,316,497,400,416
,,,,
199,318,496,401,416
,,,,
201,318,497,402,417
,,,,
198,316,498,403,415
,,,,
198,317,497,401,415
,,,,
198,318,497,401,416
,,,,
198,317,497,403,415
,,,,
200,316,498,402,417
,,,,
200,317,499,402,417
,,,,
201,317,497,403,415
,,,,
200,318,496,403,417
199,,,,
497,402,414,,
199,317,4,,
402,416,,,
201,318,497,402,41
,,,,
200,317,498,400,414
,,,,
200,317,496,402,412
,,,,
198,316,498,401,412
,,,,
198,318,498,400,414
,,,,
198,317,498,403,413
,,,,
198,316,496,400,413
,,,,
199,317,496,402,412
,,,,
199,317,497,403,414
,,,,
199,317,497,400,414
,,,,
198,319,497,400,414
,,,,
200,318,497,401,414
199,,,,
318,497,401,412,
201,316,497,,
410,,,,
198,317,496,403,412
,,,,
199,317,497,402,412
,,,,
200,317,497,402,418
,,,,
201,318,497,400,417
,,,,
200,317,498,402,417
,,,,
201,318,496,403,416
,,,,
198,316,497,401,417
,,,,
200,316,499,402,418
,,,,
198,316,496,400,415
,,,,
199,317,497,401,414
,,,,
200,318,496,401,412
,,,,
318,497,401,413,
200,317,4,,
401,414,,,
200,319,498,402,409
,,,,
199,318,497,400,409
,,,,
201,318,497,401,415
,,,,
199,318,496,400,415
,,,,
200,316,496,401,417
,,,,
198,316,498,403,413
,,,,
199,318,498,400,413
,,,,
198,316,496,400,414
,,,,
198,316,498,401,417
,,,,
199,318,496,402,415
,,,,
200,317,497,401,417
,,,,
198,318,497,402,415
19,,,,
317,497,400,416,
199,318,497,,
401,416,,,
201,317,496,400,416
,,,,
198,318,497,401,415
,,,,
199,318,496,400,416
,,,,
200,316,498,401,415
,,,,
199,316,498,401,416
,,,,
198,319,496,403,416
,,,,
199,317,497,401,416
,,,,
200,316,496,401,416
,,,,
199,318,496,401,414
,,,,
199,316,496,400,418
,,,,
201,318,497,401,418
,,,,
319,498,401,418,
201,3,,,
497,401,417,,
200,317,497,4,
418,,,,
201,316,496,401,417
,,,,
198,316,496,400,416
,,,,
199,319,496,400,418
,,,,
199,317,496,401,418
,,,,
198,319,497,400,417
,,,,
201,318,496,403,416
,,,,
201,318,497,400,416
,,,,
199,316,498,402,419
,,,,
199,317,496,400,419
,,,,
198,317,498,403,418
,,,,
201,317,497,402,419
19,,,,
317,497,400,417,
200,316,,,
497,400,417,,
201,318,496,401,418
,,,,
198,316,497,402,417
,,,,
199,318,496,400,418
,,,,
198,318,497,401,417
,,,,
199,317,497,401,419
,,,,
199,317,496,403,417
,,,,
199,317,496,403,417
,,,,
199,317,498,400,417
,,,,
199,318,497,403,417
,,,,
198,316,496,402,417
,,,,
201,316,496,402,418
,,,,
198,317,497,400,417
199,,,,
496,402,417,,
200,316,496,4,
416,,,,
200,317,496,401,417
,,,,
198,318,497,401,416
,,,,
198,317,497,402,416
,,,,
200,317,497,401,416
,,,,
201,317,496,400,416
,,,,
198,318,497,401,415
,,,,
199,318,496,400,416
,,,,
201,317,496,402,415
,,,,
198,318,497,402,416
,,,,
200,318,496,400,417
,,,,
198,317,498,402,417
1,,,,
318,497,401,416,
198,31,,,
496,401,417,,
199,316,496,401,
417,,,,
198,317,497,400,415
,,,,
198,316,497,400,410
,,,,
201,317,496,401,416
,,,,
199,317,495,401,414
,,,,
199,317,496,400,414
,,,,
199,318,497,401,410
,,,,
198,317,497,399,410
,,,,
200,319,497,401,414
,,,,
199,318,497,400,411
,,,,
198,316,497,401,412
,,,,
198,319,496,399,412
197,,,,
496,401,414,,
199,316,4,,
401,415,,,
200,318,496,399,4
,,,,
198,316,495,400,414
,,,,
198,317,497,401,415
,,,,
198,318,496,401,414
,,,,
199,316,495,401,416
,,,,
199,317,497,399,414
,,,,
198,317,497,400,413
,,,,
198,317,496,400,414
,,,,
200,316,496,400,412
,,,,
201,318,496,399,413
,,,,
199,316,497,400,416
,,,,
198,317,496,399,416
197,31,,,
496,399,415,,
200,317,496,399,
416,,,,
199,317,496,399,415
,,,,
198,317,497,400,413
,,,,
198,319,497,401,415
,,,,
199,319,496,399,413
,,,,
198,317,497,399,412
,,,,
199,316,495,401,413
,,,,
198,318,496,399,412
,,,,
199,316,496,401,411
,,,,
198,318,497,401,412
,,,,
198,316,496,400,406
,,,,
198,318,495,399,413
200,,,,
317,496,400,415,
198,,,,
497,400,415,,
199,316,496,402,4
,,,,
198,318,496,401,412
,,,,
200,318,496,400,415
,,,,
198,319,496,400,414
,,,,
198,316,495,400,411
,,,,
200,316,497,401,415
,,,,
199,316,496,400,413
,,,,
199,318,496,400,413
,,,,
198,318,496,400,410
,,,,
200,316,496,401,416
,,,,
198,316,497,401,414
,,,,
197,319,496,399,413
19,,,,
317,496,400,411,
199,316,,,
495,400,416,,
198,317,495,400,415
,,,,
201,319,497,401,413
,,,,
198,316,496,402,413
,,,,
201,316,496,401,413
,,,,
199,316,496,401,416
,,,,
199,317,496,400,413
,,,,
200,316,495,401,416
,,,,
199,316,495,401,416
,,,,
201,318,496,400,416
,,,,
199,316,495,400,415
,,,,
200,317,496,402,415
,,,,
198,318,495,402,416
201,316,,,
401,416,,,
201,317,496,4,
415,,,,
198,316,495,401,415
,,,,
201,318,497,400,414
,,,,
200,317,496,400,414
,,,,
198,316,496,400,416
,,,,
200,317,496,400,416
,,,,
197,317,496,400,417
,,,,
198,319,496,400,416
,,,,
199,317,495,400,417
,,,,
199,316,495,401,415
,,,,
198,317,495,400,417
,,,,
199,318,496,401,415
1,,,,
315,497,400,416,
199,31,,,
495,402,416,,
197,319,495,402,
415,,,,
199,317,497,401,416
,,,,
199,317,495,401,416
,,,,
201,318,497,400,416
,,,,
198,317,497,401,415
,,,,
200,316,496,401,417
,,,,
201,318,495,401,415
,,,,
198,318,497,400,415
,,,,
198,316,496,402,415
,,,,
199,317,496,400,415
,,,,
198,316,495,400,415
,,,,
200,317,496,402,415
200,,,,
317,495,402,415,
198,316,496,,
417,,,,
200,316,495,400,4
,,,,
198,317,495,401,416
,,,,
197,315,496,401,417
,,,,
200,317,497,401,417
,,,,
201,318,495,400,417
,,,,
199,317,495,400,416
,,,,
201,317,496,400,415
,,,,
200,317,495,400,416
,,,,
199,316,496,402,416
,,,,
199,318,497,400,416
,,,,
199,318,496,401,416
,,,,
201,317,495,402,413
201,31,,,
495,401,414,,
199,318,496,400,
414,,,,
199,316,496,400,415
,,,,
199,316,495,400,415
,,,,
199,317,496,400,414
,,,,
199,318,496,400,413
,,,,
201,317,495,402,412
,,,,
198,316,497,402,413
,,,,
201,316,496,401,414
,,,,
199,318,496,400,412
,,,,
198,317,497,402,413
,,,,
199,317,495,401,414
,,,,
200,316,497,401,414
,,,,
200,316,495,401,411
200,317,,,
401,413,,,
199,317,496,401,4
,,,,
199,317,497,401,411
,,,,
200,316,495,401,412
,,,,
199,317,495,401,411
,,,,
198,317,495,400,410
,,,,
200,316,495,402,413
,,,,
199,317,497,400,410
,,,,
198,316,495,400,410
,,,,
198,317,497,401,411
,,,,
200,316,497,401,417
,,,,
200,316,495,403,417
,,,,
201,318,496,400,417
199,3,,,
495,401,417,,
200,315,49,,
402,415,,,
198,318,496,401,414
,,,,
201,317,496,402,413
,,,,
200,316,495,400,411
,,,,
198,316,496,401,411
,,,,
199,318,497,402,415
,,,,
198,316,495,401,412
,,,,
201,318,495,400,409
,,,,
200,316,495,402,415
,,,,
199,317,495,402,413
,,,,
199,318,495,402,414
,,,,
198,315,494,402,406
,,,,
200,315,496,400,408
200,317,,,
496,401,417,,
199,316,497,402,
,,,,
200,316,495,403,417
,,,,
198,318,495,402,416
,,,,
201,317,495,401,417
,,,,
198,317,495,402,416
,,,,
200,316,495,402,417
,,,,
198,315,495,401,414
,,,,
199,316,496,402,410
,,,,
199,317,496,401,412
,,,,
199,318,494,402,412
,,,,
200,316,496,402,414
,,,,
199,316,495,401,406
,,,,
199,317,495,401,407
,,,,
197,317,496,402,409
,,,,
200,317,495,403,413
,,,,
198,315,496,402,413
,,,,
198,317,497,401,412
,,,,
198,316,495,402,411
,,,,
199,317,495,401,412
,,,,
199,316,496,402,411
,,,,
200,315,497,402,412
,,,,
200,317,496,400,412
199,316,495,400,412
,,,,
199,317,496,402,415
,,,,
199,318,496,401,414
,,,,
199,317,495,400,412
,,,,
198,316,496,402,411
,,,,
199,316,497,402,411
,,,,
200,316,497,401,411
,,,,
197,318,496,400,413
,,,,
199,318,495,401,411
,,,,
199,316,496,402,411
,,,,
199,315,497,400,412
,,,,
199,317,495,402,413
,,,,
199,318,496,401,410
,,,,
198,317,497,401,405
,,,,
198,317,496,401,415
,,,,
199,318,496,399,415
,,,,
199,316,495,400,415
,,,,
198,316,495,402,416
,,,,
198,315,496,401,414
,,,,
197,316,495,399,413
,,,,
199,317,496,401,415
,,,,
197,317,496,400,415
,,,,
197,316,496,401,414
,,,,
199,316,495,401,415
,,,,
199,316,495,400,416
,,,,
198,316,495,399,415
,,,,
198,318,496,400,414
,,,,
197,317,497,400,416
,,,,
199,317,495,400,415
,,,,
199,316,495,401,416
,,,,
196,316,495,400,414
,,,,
198,317,496,400,415
,,,,
198,316,495,399,415
,,,,
199,316,495,400,413
,,,,
197,317,496,400,414
,,,,
196,315,496,401,409
,,,,
199,316,495,401,413
,,,,
199,317,495,399,409
,,,,
197,315,497,400,411
,,,,
198,318,495,399,410
,,,,
199,317,495,400,402
198,316,496,399,414
,,,,
198,316,495,401,413
,,,,
199,317,495,398,414
,,,,
198,317,495,399,408
,,,,
199,317,495,399,411
,,,,
197,315,495,398,413
,,,,
198,315,496,399,413
,,,,
197,316,497,399,414
,,,,
196,315,494,401,414
,,,,
199,316,496,400,410
199,316,496,399,407
,,,,
198,316,497,400,409
,,,,
199,316,496,400,414
,,,,
199,316,496,401,417
,,,,
197,317,496,399,415
,,,,
199,317,496,400,416
,,,,
199,317,498,401,417
,,,,
198,316,497,400,416
,,,,
198,317,496,400,416
,,,,
197,317,497,399,416
199,316,496,400,417
,,,,
197,315,497,401,417
,,,,
198,316,496,401,417
,,,,
199,317,496,400,416
,,,,
197,317,497,402,416
,,,,
199,317,496,400,416
,,,,
197,317,496,402,415
,,,,
199,317,497,400,416
,,,,
197,318,498,401,418
,,,,
199,316,496,400,417
,,,,
199,316,496,402,416
,,,,
198,316,498,400,417
,,,,
196,315,496,402,418
,,,,
198,316,496,402,418
,,,,
198,316,496,402,417
,,,,
198,315,496,403,418
,,,,
197,316,497,401,417
,,,,
198,316,495,403,419
,,,,
196,317,497,402,417
,,,,
198,315,497,401,418
,,,,
197,317,496,402,416
,,,,
196,315,497,403,416
,,,,
198,317,496,402,416
,,,,
197,317,496,402,417
,,,,
198,315,496,402,418
,,,,
199,316,495,400,416
,,,,
198,316,495,401,418
,,,,
198,316,494,401,418
,,,,
199,316,495,400,417
,,,,
198,315,495,400,418
,,,,
198,316,495,401,418
,,,,
196,315,496,402,418
,,,,
197,316,495,400,416
,,,,
199,317,497,401,418
,,,,
198,316,495,400,418
,,,,
196,315,496,402,419
,,,,
198,316,495,400,418
,,,,
198,316,496,400,419
,,,,
198,316,497,402,418
,,,,
197,315,495,402,417
,,,,
198,316,494,400,418
,,,,
196,317,495,400,418
,,,,
198,317,495,401,417
,,,,
197,315,495,401,417
,,,,
195,316,496,401,418
,,,,
196,315,497,401,418
,,,,
195,318,495,400,416
,,,,
198,315,494,401,418
,,,,
196,314,496,400,417
,,,,
197,317,495,400,417
,,,,
196,314,496,400,417
,,,,
197,317,496,400,417
,,,,
196,315,496,400,416
,,,,
196,316,495,401,410
,,,,
196,315,496,400,410
,,,,
197,316,495,401,410
,,,,
196,314,494,399,416
,,,,
198,317,496,401,415
,,,,
199,317,496,401,416
,,,,
197,315,496,401,416
,,,,
197,317,496,399,411
197,316,494,400,412
,,,,
197,315,496,400,414
,,,,
196,314,496,400,411
,,,,
196,314,495,401,412
,,,,
196,315,495,400,413
,,,,
196,314,495,401,412
,,,,
198,317,495,400,413
,,,,
197,314,495,401,414
,,,,
197,315,497,401,414
,,,,
198,315,497,400,413
,,,,
197,315,496,400,414
,,,,
198,314,495,401,415
,,,,
196,314,496,401,415
,,,,
196,314,497,400,415
,,,,
198,317,496,400,415
,,,,
198,316,495,400,415
,,,,
197,317,497,401,415
,,,,
198,314,497,401,415
,,,,
197,316,496,401,415
,,,,
197,316,497,402,414
,,,,
196,316,496,400,413
,,,,
195,317,498,402,412
,,,,
196,317,497,400,412
,,,,
198,315,498,401,411
,,,,
196,315,498,401,411
,,,,
196,315,498,401,409
,,,,
197,316,498,402,409
,,,,
197,314,498,401,415
,,,,
196,317,497,401,411
,,,,
199,315,496,402,410
,,,,
196,315,498,400,415
199,316,496,401,412
,,,,
199,316,496,400,411
,,,,
197,315,496,402,413
,,,,
198,316,495,401,412
,,,,
196,315,496,400,410
,,,,
197,315,497,400,412
,,,,
197,317,497,400,412
,,,,
197,315,496,400,412
,,,,
198,316,496,401,413
,,,,
197,316,495,402,412
197,316,496,401,411
,,,,
197,315,497,401,413
,,,,
198,314,496,400,414
,,,,
196,316,495,400,415
,,,,
197,316,495,400,415
,,,,
195,317,497,401,414
,,,,
196,314,497,402,415
,,,,
198,316,496,400,414
,,,,
197,316,496,400,414
,,,,
197,317,496,401,414
,,,,
195,316,496,401,414
,,,,
196,315,497,402,414
,,,,
198,316,497,402,413
,,,,
197,317,497,402,414
,,,,
197,317,498,402,414
,,,,
197,317,498,402,414
,,,,
197,317,497,401,412
,,,,
197,316,498,402,412
197,315,496,401,413
,,,,
195,317,496,401,414
,,,,
196,314,496,400,413
,,,,
195,316,496,400,413
,,,,
197,316,495,402,413
,,,,
198,316,497,400,415
,,,,
196,314,497,401,416
,,,,
197,316,497,401,416
,,,,
196,315,496,400,417
,,,,
197,316,495,400,418
,,,,
195,317,497,401,416
,,,,
196,315,497,400,417
,,,,
198,316,497,401,416
,,,,
196,315,497,401,417
,,,,
196,315,495,401,416
,,,,
196,316,496,400,417
,,,,
197,315,495,399,417
,,,,
,,,,
196,314,496,398,416
,,,,
197,316,497,399,417
,,,,
197,315,497,399,417
,,,,
197,315,496,400,418
,,,,
196,316,496,398,416
,,,,
196,315,498,399,417
,,,,
198,314,498,399,419
,,,,
197,315,499,397,416
,,,,
198,315,498,397,416
,,,,
195,317,497,398,416
,,,,
195,316,494,397,418
,,,,
197,314,494,397,418
,,,,
198,314,494,399,417
,,,,
196,314,496,398,417
,,,,
197,317,495,397,416
,,,,
198,316,495,398,416
,,,,
198,314,493,397,417
,,,,
197,316,496,399,413
,,,,
196,313,494,398,414
,,,,
198,314,494,397,415
,,,,
198,315,494,397,414
,,,,
197,317,495,396,414
,,,,
198,314,493,396,415
,,,,
196,314,494,398,414
,,,,
196,315,494,397,413
,,,,
198,315,495,397,414
,,,,
197,314,495,397,414
,,,,
198,315,493,397,417
,,,,
198,314,494,398,416
,,,,
197,316,494,396,416
,,,,
198,315,493,397,417
,,,,
198,315,494,397,417
,,,,
199,316,494,398,417
,,,,
199,315,494,397,417
,,,,
198,317,494,397,416
,,,,
196,315,495,396,415
,,,,
196,316,494,397,415
,,,,
199,316,496,398,417
,,,,
198,316,494,396,418
,,,,
196,314,494,398,416
,,,,
198,314,493,397,416
,,,,
199,316,494,399,415
,,,,
198,315,493,400,415
,,,,
196,315,495,399,416
,,,,
199,315,494,397,414
,,,,
199,316,494,398,414
,,,,
197,315,495,400,415
,,,,
196,315,495,398,414
,,,,
197,316,494,399,415
,,,,
196,316,496,398,416
,,,,
199,316,497,398,416
,,,,
197,315,499,400,416
,,,,
196,314,497,399,415
,,,,
198,316,502,399,415
,,,,
199,314,510,400,415
,,,,
199,316,502,400,414
,,,,
197,315,502,401,413
,,,,
199,315,499,399,415
197,314,497,401,412
,,,,
196,315,496,401,412
,,,,
196,314,496,402,412
,,,,
198,315,495,400,410
,,,,
196,315,496,402,412
,,,,
198,316,495,400,410
,,,,
199,316,495,400,408
,,,,
196,315,496,400,407
,,,,
196,316,496,401,410
